"Name","State","Notes","User","Tags","Created","Runtime","Sweep","batch_size","device","dict_active_condition_number_p95","dict_expected_active_condition_number","dict_expected_active_condition_number_std","dict_expected_active_min_eig","dict_expected_active_min_eig_std","dict_expected_irc_exact","dict_expected_irc_uniform","dict_expected_signal_ceiling_l_inf","dict_max_abs_offdiag","dict_mean_abs_offdiag","dict_singular_active_block_pct","dtype","learning_rate","log_interval","max_activations_window","measured_flops_per_step","measured_gflops_per_step","model_class","model_type","num_steps","rho","seed","warmup_steps","activation_effective_sample_size","active_condition_number","active_max_eigenvalue","active_min_eigenvalue","code_recovery_l2","code_recovery_mse","dead_neuron_recovery_pct","dead_neuron_recovery_rate","dead_neurons_pct","dictionary_coherence_abs_max","dictionary_coherence_nn/mean","dictionary_coherence_nn/p10","dictionary_coherence_nn/p50","dictionary_coherence_nn/p90","dictionary_coherence_nn/std","dictionary_coherence_nn_max","dictionary_coherence_overall_mean","dictionary_coherence_subsampled","dictionary_coherence_total_features","dictionary_coherence_used_features","dictionary_error_cosine","dictionary_error_frobenius","explained_variance","feature_shrinkage_ratio","interaction_leakage_frobenius","l0_active_features","l0_vs_l1_ratio","loss","loss_l1","loss_l2","loss_recon","loss_total","mean_h_j","mean_max_cosine_similarity","measured_cumulative_flops","measured_cumulative_tflops","shadowed_ids","shadowed_scores","step","support_f1_score","support_jaccard_similarity","support_precision","support_recall","total_h_j","warmup_factor","weight_bimodality_ratio"
"spiked-rho0.90-topk_baseline_sweep004-seed0","finished","-","","model=topk_baseline_sweep004, regularization-sweep, rho=0.90, seed=0, spiked, topk-sweep","2026-07-25T07:35:37.000Z","137","","256","cuda","253.8714141845703","232.3142852783203","12.344648361206056","0.06261799484491348","0.0033026470337063074","1.0023272037506104","1.6490353345870972","29.214345932006836","0.9296931028366088","0.8995046615600586","0","torch.float32","0.001","500","10000","805503232","0.805503232","TopKSAE","topk_baseline_sweep004","50000","0.9","0","10000","","13.881726264953612","4.486318588256836","0.3231815993785858","15.916528701782228","0.24921303987503052","0.7625272331154684","0.007625272331154684","89.35546875","0.6374014019966125","0.2163291871547699","0.19056007266044617","0.21124869585037231","0.24169568717479703","0.03715978562831879","0.6374014019966125","0.04957589879631996","0","1024","1024","0.8821584433317184","44.178504943847656","0.7739657163619995","0.997994065284729","19.202232360839844","101.359375","0.7505069375038147","0.010786395519971848","0","0","0.010786395519971848","0.010786395519971848","0.39785581827163696","0.2163291871547699","40275161600000","40.2751616","[49,764,847,1020,982]","[0.5364160537719727,0.5213643908500671,0.5152270197868347,0.509558916091919,0.5043123364448547]","50000","0.028691017336031084","0.014554418666985636","0.016610143363010244","0.10522460934931038","366.8230590820313","1",""
"spiked-rho0.90-topk_baseline_sweep003-seed0","finished","-","","model=topk_baseline_sweep003, regularization-sweep, rho=0.90, seed=0, spiked, topk-sweep","2026-07-25T07:33:18.000Z","138","","256","cuda","253.8714141845703","232.3142852783203","12.344648361206056","0.06261799484491348","0.0033026470337063074","1.0023272037506104","1.6490353345870972","29.214345932006836","0.9296931028366088","0.8995046615600586","0","torch.float32","0.001","500","10000","805503232","0.805503232","TopKSAE","topk_baseline_sweep003","50000","0.9","0","10000","","14.842073440551758","3.737169027328491","0.25179561972618103","17.85687255859375","0.313487708568573","0.5202913631633715","0.005202913631633715","93.45703125","0.7378444671630859","0.21677885949611664","0.1897697150707245","0.21158717572689056","0.24186944961547852","0.037405021488666534","0.7378444671630859","0.049839138984680176","0","1024","1024","0.8841945379972458","44.608985900878906","0.65851229429245","0.9976080656051636","15.246257781982422","61.57421875","0.9146744012832642","0.015823470428586006","0","0","0.015823470428586006","0.015823470428586006","0.24067379534244537","0.21677885949611664","40275161600000","40.2751616","[967,721,363,585,830]","[0.3717271089553833,0.3681242167949677,0.3634012639522553,0.3590560257434845,0.35299909114837646]","50000","0.02064522371193649","0.01043044672787064","0.013005138614920692","0.050048828112781045","231.52818298339844","1",""
"spiked-rho0.90-topk_baseline_sweep002-seed0","finished","-","","model=topk_baseline_sweep002, regularization-sweep, rho=0.90, seed=0, spiked, topk-sweep","2026-07-25T07:30:58.000Z","138","","256","cuda","253.8714141845703","232.3142852783203","12.344648361206056","0.06261799484491348","0.0033026470337063074","1.0023272037506104","1.6490353345870972","29.214345932006836","0.9296931028366088","0.8995046615600586","0","torch.float32","0.001","500","10000","805503232","0.805503232","TopKSAE","topk_baseline_sweep002","50000","0.9","0","10000","","21.20577621459961","5.221953868865967","0.24625147879123688","16.628704071044922","0.27167797088623047","0.9090909090909092","0.00909090909090909","96.09375","0.7187486290931702","0.21795809268951416","0.19070689380168915","0.2118532806634903","0.2431970536708832","0.04373641684651375","0.7187486290931702","0.04991649091243744","0","1024","1024","0.8830457329750061","44.66811752319336","0.5255515575408936","0.9953212738037108","11.04291534423828","30.8046875","1.3288145065307615","0.020812109112739563","0","0","0.020812109112739563","0.020812109112739563","0.12124805897474288","0.21795809268951416","40275161600000","40.2751616","[88,896,730,550,183]","[0.2436735033988953,0.2251158505678177,0.21686747670173645,0.21286241710186005,0.21199102699756625]","50000","0.019862678057559865","0.01003118941161332","0.015090032967906413","0.029052734367907045","120.39932250976562","1",""
"spiked-rho0.90-topk_baseline_sweep001-seed0","finished","-","","model=topk_baseline_sweep001, regularization-sweep, rho=0.90, seed=0, spiked, topk-sweep","2026-07-25T07:28:47.000Z","130","","256","cuda","253.8714141845703","232.3142852783203","12.344648361206056","0.06261799484491348","0.0033026470337063074","1.0023272037506104","1.6490353345870972","29.214345932006836","0.9296931028366088","0.8995046615600586","0","torch.float32","0.001","500","10000","805503232","0.805503232","TopKSAE","topk_baseline_sweep001","50000","0.9","0","10000","","22.594594955444336","6.273308277130127","0.27764642238616943","14.311655044555664","0.2011263370513916","0.3996003996003996","0.003996003996003996","98.14453125","0.7170162200927734","0.22269460558891296","0.1916467696428299","0.21493372321128845","0.25232768058776855","0.04889977350831032","0.7170162200927734","0.050555191934108734","0","1024","1024","0.869782954454422","44.348236083984375","0.44973456859588623","0.9969013333320618","8.85126781463623","14.94140625","2.205838918685913","0.0236972663551569","0","0","0.0236972663551569","0.0236972663551569","0.06381073594093323","0.22269460558891296","40275161600000","40.2751616","[244,231,760,957,932]","[0.4427573084831238,0.23524199426174164,0.15924228727817535,0.15560150146484375,0.1507638692855835]","50000","0.014644116177433605","0.00737631947000174","0.015163398688846173","0.01416015624654293","64.3850326538086","1",""
"spiked-rho0.90-topk_baseline_sweep000-seed0","finished","-","","model=topk_baseline_sweep000, regularization-sweep, rho=0.90, seed=0, spiked, topk-sweep","2026-07-25T07:26:34.000Z","132","","256","cuda","253.8714141845703","232.3142852783203","12.344648361206056","0.06261799484491348","0.0033026470337063074","1.0023272037506104","1.6490353345870972","29.214345932006836","0.9296931028366088","0.8995046615600586","0","torch.float32","0.001","500","10000","805503232","0.805503232","TopKSAE","topk_baseline_sweep000","50000","0.9","0","10000","","26.573469161987305","4.859426975250244","0.1828676164150238","17.889114379882812","0.31453317403793335","0.396432111000991","0.003964321110009911","98.92578125","0.8111615180969238","0.21992552280426023","0.1903377026319504","0.21240727603435516","0.24743102490901947","0.04966171458363533","0.8111615180969238","0.05036790668964386","0","1024","1024","0.8752982094883919","44.307159423828125","0.44137829542160034","0.9975508451461792","6.169537544250488","6.98828125","4.208101272583008","0.025538569316267967","0","0","0.025538569316267967","0.025538569316267967","0.029952846467494965","0.21992552280426023","40275161600000","40.2751616","[492,498,151,52,968]","[0.35229066014289856,0.13301195204257965,0.11288826912641524,0.10147379338741302,0.0986114889383316]","50000","0.008835600643885314","0.004437617340085746","0.014533258795677328","0.006347656248450279","30.46204376220703","1",""
"spiked-rho0.90-adaptive_elastic_net_sweep071-seed0","finished","-","","model=adaptive_elastic_net_sweep071, regularization-sweep, rho=0.90, seed=0, spiked, topk-sweep","2026-07-25T07:23:15.000Z","197","","256","cuda","253.8714141845703","232.3142852783203","12.344648361206056","0.06261799484491348","0.0033026470337063074","1.0023272037506104","1.6490353345870972","29.214345932006836","0.9296931028366088","0.8995046615600586","0","torch.float32","0.001","500","10000","806554886","0.806554886","AdaptiveElasticNetSAE","adaptive_elastic_net_sweep071","50000","0.9","0","10000","74.47163391113281","8.493246078491211","1.7906535863876345","0.2108326405286789","8.487024307250977","0.070609912276268","10.379241516966069","0.10379241516966067","69.7265625","0.9625981450080872","0.23733162879943848","0.19925405085086825","0.2298068106174469","0.27542784810066223","0.05283894762396813","0.9625981450080872","0.05246026813983917","0","1024","1024","0.7866827249526978","41.90298843383789","0.39509570598602295","0.9956742525100708","4.948204517364502","1.5625","1.1961419582366943","0.02728753164410591","0.0005779078346677125","0.0003137855383101851","0.02639583870768547","0.02728753164410591","0.0182524174451828","0.23733162879943848","40327744300000","40.3277443","[598,162,479,103,755]","[0.9982181787490844,0.24953676760196689,0.2335212081670761,0.19512784481048584,0.18496036529541016]","50000","0.005782756046094244","0.002899843853914824","0.03249999991875","0.0031738281242251394","18.635719299316406","1","0"
"spiked-rho0.90-adaptive_elastic_net_sweep070-seed0","finished","-","","model=adaptive_elastic_net_sweep070, regularization-sweep, rho=0.90, seed=0, spiked, topk-sweep","2026-07-25T07:20:03.000Z","192","","256","cuda","253.8714141845703","232.3142852783203","12.344648361206056","0.06261799484491348","0.0033026470337063074","1.0023272037506104","1.6490353345870972","29.214345932006836","0.9296931028366088","0.8995046615600586","0","torch.float32","0.001","500","10000","806554886","0.806554886","AdaptiveElasticNetSAE","adaptive_elastic_net_sweep070","50000","0.9","0","10000","104.91970825195312","10.296390533447266","1.907024383544922","0.1852129101753235","8.457038879394531","0.07022079825401306","10.927835051546392","0.10927835051546392","51.7578125","0.9976381659507751","0.23449181020259857","0.19793356955051425","0.22587323188781736","0.2696259915828705","0.05806435272097587","0.9976381659507751","0.05197646841406822","0","1024","1024","0.7889129519462585","41.717430114746094","0.4567432999610901","0.9960881471633912","8.04848861694336","8.70703125","0.3640649914741516","0.025995947420597076","0.001315572997555137","0.00032448937417939305","0.02435588464140892","0.025995947420597076","0.05773281678557396","0.23449181020259857","40327744300000","40.3277443","[920,222,61,848,302]","[0.9979830980300904,0.996455192565918,0.27707409858703613,0.25729650259017944,0.2276101112365723]","50000","0.032884919054993786","0.016717569519897512","0.046657694012266625","0.025390624993801115","58.252410888671875","1","0"
"spiked-rho0.90-adaptive_elastic_net_sweep069-seed0","finished","-","","model=adaptive_elastic_net_sweep069, regularization-sweep, rho=0.90, seed=0, spiked, topk-sweep","2026-07-25T07:16:46.000Z","196","","256","cuda","253.8714141845703","232.3142852783203","12.344648361206056","0.06261799484491348","0.0033026470337063074","1.0023272037506104","1.6490353345870972","29.214345932006836","0.9296931028366088","0.8995046615600586","0","torch.float32","0.001","500","10000","806554886","0.806554886","AdaptiveElasticNetSAE","adaptive_elastic_net_sweep069","50000","0.9","0","10000","2.000016450881958","1.0567348003387451","1.0275849103927612","0.9724150896072388","8.546540260314941","0.07169166207313538","7.386363636363637","0.07386363636363637","91.6015625","0.9991451501846312","0.251875102519989","0.19845369458198547","0.22614912688732147","0.32369285821914673","0.08493083715438843","0.9991451501846312","0.05226968973875046","0","1024","1024","0.8076870292425156","42.612571716308594","0.43207770586013794","0.9960291385650636","3.929598331451416","0.98828125","1.762505054473877","0.027174975723028183","0.00035246426705271006","0.0004791161045432091","0.026343395933508873","0.027174975723028183","0.015094565227627754","0.251875102519989","40327744300000","40.3277443","[852,728,284,955,789]","[0.9982908964157104,0.2760888636112213,0.23522348701953888,0.21344920992851257,0.1940898150205612]","50000","0","0","0","0","15.441740036010742","1","0"
"spiked-rho0.90-adaptive_elastic_net_sweep068-seed0","finished","-","","model=adaptive_elastic_net_sweep068, regularization-sweep, rho=0.90, seed=0, spiked, topk-sweep","2026-07-25T07:13:36.000Z","190","","256","cuda","253.8714141845703","232.3142852783203","12.344648361206056","0.06261799484491348","0.0033026470337063074","1.0023272037506104","1.6490353345870972","29.214345932006836","0.9296931028366088","0.8995046615600586","0","torch.float32","0.001","500","10000","806554886","0.806554886","AdaptiveElasticNetSAE","adaptive_elastic_net_sweep068","50000","0.9","0","10000","7.0605363845825195","8.661392211914062","1.909448742866516","0.22045518457889557","8.472862243652344","0.07040399312973022","9.324009324009324","0.09324009324009323","88.4765625","0.9442811608314514","0.24478411674499512","0.19630631804466248","0.2245636284351349","0.31119436025619507","0.07194756716489792","0.9442811608314514","0.05200335010886192","0","1024","1024","0.7936369478702545","41.61793899536133","0.4467189908027649","0.9958025813102722","8.600920677185059","7.1484375","0.4306442141532898","0.025861212983727455","0.0006917414721101522","0.0003761078114621341","0.024793364107608795","0.025861212983727455","0.0664084404706955","0.24478411674499512","40327744300000","40.3277443","[582,72,320,474,451]","[0.9985496401786804,0.4339370131492615,0.4072875380516052,0.3622252941131592,0.3518892526626587]","50000","0.013499404369324269","0.006795786611145806","0.021857923485323536","0.009765624997615812","67.27174377441406","1","0.002964426763355732"
"spiked-rho0.90-adaptive_elastic_net_sweep067-seed0","finished","-","","model=adaptive_elastic_net_sweep067, regularization-sweep, rho=0.90, seed=0, spiked, topk-sweep","2026-07-25T07:10:27.000Z","188","","256","cuda","253.8714141845703","232.3142852783203","12.344648361206056","0.06261799484491348","0.0033026470337063074","1.0023272037506104","1.6490353345870972","29.214345932006836","0.9296931028366088","0.8995046615600586","0","torch.float32","0.001","500","10000","806554886","0.806554886","AdaptiveElasticNetSAE","adaptive_elastic_net_sweep067","50000","0.9","0","10000","119.43303680419922","8.455525398254395","1.8291469812393188","0.21632565557956696","8.197693824768066","0.06591495126485825","13.537117903930133","0.13537117903930132","48.046875","0.998689830303192","0.22446931898593905","0.19348028302192688","0.21653763949871063","0.2535754442214966","0.05701639875769615","0.998689830303192","0.05083034932613373","0","1024","1024","0.7670531123876572","40.83412170410156","0.505082905292511","0.9960857033729552","7.910890102386475","6.16796875","0.43019819259643555","0.026367781683802605","0.004616596270352602","0.00031644589034840465","0.021434739232063293","0.026367781683802605","0.05677935481071472","0.22446931898593905","40327744300000","40.3277443","[432,92,833,36,175]","[0.9980551600456238,0.99544757604599,0.2503073811531067,0.2448311746120453,0.2346684038639069]","50000","0.35629915770312104","0.21676672379571896","0.640278656972591","0.24682617181473968","57.4039306640625","1","0"
"spiked-rho0.90-adaptive_elastic_net_sweep066-seed0","finished","-","","model=adaptive_elastic_net_sweep066, regularization-sweep, rho=0.90, seed=0, spiked, topk-sweep","2026-07-25T07:08:01.000Z","145","","256","cuda","253.8714141845703","232.3142852783203","12.344648361206056","0.06261799484491348","0.0033026470337063074","1.0023272037506104","1.6490353345870972","29.214345932006836","0.9296931028366088","0.8995046615600586","0","torch.float32","0.001","500","10000","806554886","0.806554886","AdaptiveElasticNetSAE","adaptive_elastic_net_sweep066","50000","0.9","0","10000","172.3933563232422","13.125247955322266","1.950654983520508","0.14861851930618286","7.823472023010254","0.06004159152507782","15.311004784688995","0.15311004784688995","43.359375","0.998984158039093","0.22068031132221225","0.19089993834495544","0.21240273118019104","0.25073665380477905","0.056274011731147766","0.998984158039093","0.050116851925849915","0","1024","1024","0.7610152661800385","40.602325439453125","0.672843337059021","0.9974223971366882","11.311766624450684","18.40234375","0.2705119252204895","0.021806390956044197","0.006552793551236391","0.0003793323994614184","0.01487426459789276","0.021806390956044197","0.12222051620483398","0.22068031132221225","40327744300000","40.3277443","[707,816,678,988,986]","[0.9983152747154236,0.9980390071868896,0.3295383155345917,0.267152339220047,0.2564254105091095]","50000","0.39968157342784905","0.2497516673407476","0.3735937167536417","0.4296874998950958","121.36497497558594","1","0"
"spiked-rho0.90-adaptive_elastic_net_sweep065-seed0","finished","-","","model=adaptive_elastic_net_sweep065, regularization-sweep, rho=0.90, seed=0, spiked, topk-sweep","2026-07-25T07:05:50.000Z","129","","256","cuda","253.8714141845703","232.3142852783203","12.344648361206056","0.06261799484491348","0.0033026470337063074","1.0023272037506104","1.6490353345870972","29.214345932006836","0.9296931028366088","0.8995046615600586","0","torch.float32","0.001","500","10000","806554886","0.806554886","AdaptiveElasticNetSAE","adaptive_elastic_net_sweep065","50000","0.9","0","10000","2.0000433921813965","1.440443515777588","1.1804769039154053","0.8195232152938843","8.607654571533203","0.07277576625347137","8.093126385809313","0.08093126385809313","91.796875","0.9992555975914","0.24532602727413175","0.19777224957942963","0.22502553462982175","0.2936301827430725","0.08017973601818085","0.9992555975914","0.05218607187271118","0","1024","1024","0.7998422831296921","42.06206512451172","0.43913859128952026","0.9959014654159546","4.377828121185303","0.984375","1.7850642204284668","0.028068307787179947","0.0008033433114178479","0.000490389356855303","0.0267745740711689","0.028068307787179947","0.018286116421222687","0.24532602727413175","40327744300000","40.3277443","[284,834,675,304,862]","[0.99852055311203,0.3040371537208557,0.23646624386310575,0.2025861293077469,0.20176734030246735]","50000","0.0022997988106282456","0.001151277918224435","0.019841269762534645","0.001220703124701977","18.688411712646484","1","0"
"spiked-rho0.90-adaptive_elastic_net_sweep064-seed0","finished","-","","model=adaptive_elastic_net_sweep064, regularization-sweep, rho=0.90, seed=0, spiked, topk-sweep","2026-07-25T07:03:39.000Z","131","","256","cuda","253.8714141845703","232.3142852783203","12.344648361206056","0.06261799484491348","0.0033026470337063074","1.0023272037506104","1.6490353345870972","29.214345932006836","0.9296931028366088","0.8995046615600586","0","torch.float32","0.001","500","10000","806554886","0.806554886","AdaptiveElasticNetSAE","adaptive_elastic_net_sweep064","50000","0.9","0","10000","8.734857559204102","1.8440414667129517","1.3463983535766602","0.7301345467567444","8.500378608703613","0.0709201768040657","7.586206896551724","0.07586206896551724","89.2578125","0.9564067125320436","0.23671457171440125","0.1966910809278488","0.22321394085884097","0.2851410508155823","0.060458775609731674","0.9564067125320436","0.05174081772565842","0","1024","1024","0.791538268327713","41.60445022583008","0.4613987803459167","0.99624764919281","9.829941749572754","10.45703125","0.3129134178161621","0.026164518669247627","0.0020992658101022243","0.00035328458761796355","0.02371196821331978","0.026164518669247627","0.09587288647890092","0.23671457171440125","40327744300000","40.3277443","[1004,437,222,1022,696]","[0.915412187576294,0.9136531352996826,0.40795573592185974,0.35361844301223755,0.3167639672756195]","50000","0.022441571263879325","0.011348364937830617","0.028389988782820327","0.018554687495470047","96.3522491455078","1","0"
"spiked-rho0.90-adaptive_elastic_net_sweep063-seed0","finished","-","","model=adaptive_elastic_net_sweep063, regularization-sweep, rho=0.90, seed=0, spiked, topk-sweep","2026-07-25T07:01:27.000Z","131","","256","cuda","253.8714141845703","232.3142852783203","12.344648361206056","0.06261799484491348","0.0033026470337063074","1.0023272037506104","1.6490353345870972","29.214345932006836","0.9296931028366088","0.8995046615600586","0","torch.float32","0.001","500","10000","806554886","0.806554886","AdaptiveElasticNetSAE","adaptive_elastic_net_sweep063","50000","0.9","0","10000","192.09556579589844","132.24630737304688","3.7366652488708496","0.028255345299839973","8.457884788513184","0.07014697790145874","11.241217798594848","0.11241217798594848","47.75390625","0.9927356243133544","0.2476898729801178","0.2019295394420624","0.23298832774162292","0.28576257824897766","0.08224644511938095","0.9927356243133544","0.05388230085372925","0","1024","1024","0.7399638891220093","40.3162727355957","0.38661837577819824","0.9948139786720276","8.560473442077637","3.48046875","0.4821262955665589","0.028905097395181656","0.0013514645397663116","0.0007130886078812182","0.026840543374419212","0.028905097395181656","0.038238294422626495","0.2476898729801178","40327744300000","40.3277443","[9,566,749,974,300]","[0.9948017597198486,0.9928937554359436,0.9924314022064208,0.90152770280838,0.4061020314693451]","50000","0.006817432610698793","0.003420523138144764","0.019079685724938625","0.004150390623986721","38.92658233642578","1","0"
"spiked-rho0.90-adaptive_elastic_net_sweep062-seed0","finished","-","","model=adaptive_elastic_net_sweep062, regularization-sweep, rho=0.90, seed=0, spiked, topk-sweep","2026-07-25T06:59:14.000Z","130","","256","cuda","253.8714141845703","232.3142852783203","12.344648361206056","0.06261799484491348","0.0033026470337063074","1.0023272037506104","1.6490353345870972","29.214345932006836","0.9296931028366088","0.8995046615600586","0","torch.float32","0.001","500","10000","806554886","0.806554886","AdaptiveElasticNetSAE","adaptive_elastic_net_sweep062","50000","0.9","0","10000","242.98080444335935","13.718159675598145","3.830466508865357","0.2792259752750397","8.331292152404785","0.06807982921600342","12.128146453089244","0.12128146453089245","46.97265625","0.9941378831863404","0.23369675874710083","0.1960371732711792","0.2224730849266052","0.2615983188152313","0.08140744268894196","0.9941378831863404","0.05209308862686157","0","1024","1024","0.7620530724525452","41.20399475097656","0.4778212308883667","0.9958820939064026","9.968616485595703","9.0078125","0.3005490303039551","0.02656471915543079","0.001949808793142438","0.0007573525654152036","0.02385755628347397","0.02656471915543079","0.07156401127576828","0.23369675874710083","40327744300000","40.3277443","[770,13,455,79,282]","[0.990118682384491,0.9898870587348938,0.9892553687095642,0.9883958697319032,0.9866284132003784]","50000","0.1187124412708751","0.06310195947142112","0.1647875107698233","0.09277343747735024","72.13652038574219","1","0"
"spiked-rho0.90-adaptive_elastic_net_sweep061-seed0","finished","-","","model=adaptive_elastic_net_sweep061, regularization-sweep, rho=0.90, seed=0, spiked, topk-sweep","2026-07-25T06:57:03.000Z","130","","256","cuda","253.8714141845703","232.3142852783203","12.344648361206056","0.06261799484491348","0.0033026470337063074","1.0023272037506104","1.6490353345870972","29.214345932006836","0.9296931028366088","0.8995046615600586","0","torch.float32","0.001","500","10000","806554886","0.806554886","AdaptiveElasticNetSAE","adaptive_elastic_net_sweep061","50000","0.9","0","10000","5.995336055755615","16.14773178100586","2.662867546081543","0.1649065911769867","8.346233367919922","0.06829281896352768","7.352941176470589","0.07352941176470588","91.11328125","0.997972846031189","0.2545281946659088","0.19875825941562653","0.230418860912323","0.34182730317115784","0.08572392165660858","0.997972846031189","0.05406167358160019","0","1024","1024","0.7834925651550293","42.23835372924805","0.40576016902923584","0.9956647753715516","7.997881412506104","2.86328125","0.5688276886940002","0.027899764478206635","0.0010049021802842617","0.0007925465470179915","0.02610231563448906","0.027899764478206635","0.03520336374640465","0.2545281946659088","40327744300000","40.3277443","[858,817,744,122,473]","[0.9960086941719056,0.9952501058578492,0.9949225187301636,0.36490458250045776,0.32950788736343384]","50000","0.0045555511673545926","0.00228310502235718","0.015006821261927938","0.0026855468743443487","35.94263458251953","1","0"
"spiked-rho0.90-adaptive_elastic_net_sweep060-seed0","finished","-","","model=adaptive_elastic_net_sweep060, regularization-sweep, rho=0.90, seed=0, spiked, topk-sweep","2026-07-25T06:54:52.000Z","130","","256","cuda","253.8714141845703","232.3142852783203","12.344648361206056","0.06261799484491348","0.0033026470337063074","1.0023272037506104","1.6490353345870972","29.214345932006836","0.9296931028366088","0.8995046615600586","0","torch.float32","0.001","500","10000","806554886","0.806554886","AdaptiveElasticNetSAE","adaptive_elastic_net_sweep060","50000","0.9","0","10000","11.707168579101562","13.224613189697266","3.981767416000366","0.3010876178741455","8.380616188049316","0.06888609379529953","7.011494252873564","0.07011494252873564","90.52734375","0.9963621497154236","0.25121206045150757","0.19877222180366516","0.22761979699134827","0.30948761105537415","0.09472241997718812","0.9963621497154236","0.052332475781440735","0","1024","1024","0.8006691336631775","42.527069091796875","0.4396386742591858","0.9958110451698304","9.011551856994627","6.0390625","0.3917138576507568","0.02690921351313591","0.0005541314603760839","0.0007561253733001649","0.025598956272006035","0.02690921351313591","0.051256533712148666","0.25121206045150757","40327744300000","40.3277443","[941,255,779,66,256]","[0.9933974146842957,0.992814600467682,0.9926828145980836,0.9925247430801392,0.992362916469574]","50000","0.009216192012917844","0.004629629628805265","0.016817593779548775","0.006347656248450279","52.127891540527344","1","0"
"spiked-rho0.90-adaptive_elastic_net_sweep059-seed0","finished","-","","model=adaptive_elastic_net_sweep059, regularization-sweep, rho=0.90, seed=0, spiked, topk-sweep","2026-07-25T06:52:41.000Z","130","","256","cuda","253.8714141845703","232.3142852783203","12.344648361206056","0.06261799484491348","0.0033026470337063074","1.0023272037506104","1.6490353345870972","29.214345932006836","0.9296931028366088","0.8995046615600586","0","torch.float32","0.001","500","10000","806554886","0.806554886","AdaptiveElasticNetSAE","adaptive_elastic_net_sweep059","50000","0.9","0","10000","360.3898010253906","23.895753860473633","5.133110523223877","0.21481266617774963","7.999136447906494","0.0627325102686882","18.26697892271663","0.18266978922716628","42.7734375","0.9974444508552552","0.2368969619274139","0.19337214529514313","0.2186037003993988","0.2674127221107483","0.0972830280661583","0.9974444508552552","0.05204441025853157","0","1024","1024","0.7319034337997437","40.2952995300293","0.558983325958252","0.9962697625160216","12.41688346862793","12.28125","0.25214195251464844","0.026498105376958847","0.006155013106763363","0.0006900163134559989","0.01965307630598545","0.026498105376958847","0.09083537012338638","0.2368969619274139","40327744300000","40.3277443","[827,873,443,53,839]","[0.995510995388031,0.9954310655593872,0.9948771595954896,0.9936689138412476,0.9917861223220824]","50000","0.3693365251182477","0.22649500250271132","0.4252544527909496","0.3264160155453086","91.1987075805664","1","0"
"spiked-rho0.90-adaptive_elastic_net_sweep058-seed0","finished","-","","model=adaptive_elastic_net_sweep058, regularization-sweep, rho=0.90, seed=0, spiked, topk-sweep","2026-07-25T06:50:30.000Z","130","","256","cuda","253.8714141845703","232.3142852783203","12.344648361206056","0.06261799484491348","0.0033026470337063074","1.0023272037506104","1.6490353345870972","29.214345932006836","0.9296931028366088","0.8995046615600586","0","torch.float32","0.001","500","10000","806554886","0.806554886","AdaptiveElasticNetSAE","adaptive_elastic_net_sweep058","50000","0.9","0","10000","402.1290283203125","22.89904022216797","6.138248443603516","0.2680570185184479","7.804676055908203","0.05977050960063934","13.602015113350127","0.13602015113350127","41.40625","0.9955844283103944","0.23419666290283203","0.1928745061159134","0.21573248505592343","0.2628153860569","0.09957166761159895","0.9955844283103944","0.05140351504087448","0","1024","1024","0.7346725463867188","39.98091506958008","0.6586580276489258","0.9961369633674622","15.186779975891112","24.05859375","0.20508849620819092","0.023078741505742073","0.007135150488466024","0.000964797451160848","0.014978792518377304","0.023078741505742073","0.1683037430047989","0.23419666290283203","40327744300000","40.3277443","[600,498,302,764,815]","[0.9957540035247804,0.995729684829712,0.9949401617050172,0.9946076273918152,0.9939423203468324]","50000","0.365674800515078","0.22374701667974375","0.3044325377002058","0.4577636717632412","165.27426147460938","1","0"
"spiked-rho0.90-adaptive_elastic_net_sweep057-seed0","finished","-","","model=adaptive_elastic_net_sweep057, regularization-sweep, rho=0.90, seed=0, spiked, topk-sweep","2026-07-25T06:48:19.000Z","130","","256","cuda","253.8714141845703","232.3142852783203","12.344648361206056","0.06261799484491348","0.0033026470337063074","1.0023272037506104","1.6490353345870972","29.214345932006836","0.9296931028366088","0.8995046615600586","0","torch.float32","0.001","500","10000","806554886","0.806554886","AdaptiveElasticNetSAE","adaptive_elastic_net_sweep057","50000","0.9","0","10000","6.900486469268799","26.72931480407715","3.4348738193511963","0.1285058706998825","8.395358085632324","0.06910360604524612","7.276995305164319","0.07276995305164319","90.91796875","0.9923153519630432","0.2474556416273117","0.1998656690120697","0.2302667200565338","0.3009028136730194","0.07809862494468689","0.9923153519630432","0.05353979021310806","0","1024","1024","0.7693890482187271","40.925045013427734","0.3767261505126953","0.9959962368011476","8.105145454406738","3.28515625","0.4900719225406647","0.028759142383933067","0.0013610197929665446","0.0006440310971811414","0.026754090562462807","0.028759142383933067","0.036567531526088715","0.2474556416273117","40327744300000","40.3277443","[139,640,27,926,794]","[0.9967449307441713,0.9953933954238892,0.9950790405273438,0.38827529549598694,0.31333133578300476]","50000","0.003240551881264176","0.0016230472709224898","0.009512485125431052","0.001953124999523163","37.29888153076172","1","0"
"spiked-rho0.90-adaptive_elastic_net_sweep056-seed0","finished","-","","model=adaptive_elastic_net_sweep056, regularization-sweep, rho=0.90, seed=0, spiked, topk-sweep","2026-07-25T06:46:09.000Z","130","","256","cuda","253.8714141845703","232.3142852783203","12.344648361206056","0.06261799484491348","0.0033026470337063074","1.0023272037506104","1.6490353345870972","29.214345932006836","0.9296931028366088","0.8995046615600586","0","torch.float32","0.001","500","10000","806554886","0.806554886","AdaptiveElasticNetSAE","adaptive_elastic_net_sweep056","50000","0.9","0","10000","19.65328025817871","15.505074501037598","4.822754383087158","0.3110436201095581","8.39284610748291","0.06906317174434662","8.63060989643268","0.08630609896432681","88.0859375","0.9959023594856262","0.24234667420387268","0.19629208743572235","0.22613310813903809","0.2790452539920807","0.0907432585954666","0.9959023594856262","0.05320104584097862","0","1024","1024","0.7880751192569733","41.24137878417969","0.42257094383239746","0.9959274530410768","11.473687171936035","10.359375","0.2568879723548889","0.027227286249399185","0.0018468231428414583","0.0006197700276970863","0.024760693311691284","0.027227286249399185","0.08782348036766052","0.24234667420387268","40327744300000","40.3277443","[383,611,441,501,27]","[0.9933485984802246,0.9928014874458312,0.9921980500221252,0.9918642044067384,0.9909539818763732]","50000","0.02252471554881986","0.011390887288460598","0.028657616882104973","0.018554687495470047","88.43824768066406","1","0"
"spiked-rho0.90-adaptive_elastic_net_sweep055-seed0","finished","-","","model=adaptive_elastic_net_sweep055, regularization-sweep, rho=0.90, seed=0, spiked, topk-sweep","2026-07-25T06:43:57.000Z","131","","256","cuda","253.8714141845703","232.3142852783203","12.344648361206056","0.06261799484491348","0.0033026470337063074","1.0023272037506104","1.6490353345870972","29.214345932006836","0.9296931028366088","0.8995046615600586","0","torch.float32","0.001","500","10000","806554886","0.806554886","AdaptiveElasticNetSAE","adaptive_elastic_net_sweep055","50000","0.9","0","10000","306.6037292480469","27.09004783630371","4.897402286529541","0.18078234791755676","8.332866668701172","0.06808444857597351","10.025706940874036","0.10025706940874037","42.87109375","0.9968944191932678","0.25975003838539124","0.2042989581823349","0.2387949377298355","0.30326688289642334","0.1025845631957054","0.9968944191932678","0.055689625442028046","0","1024","1024","0.7016308307647705","39.21515274047851","0.4031614661216736","0.9961641430854796","11.689372062683104","5.4609375","0.29541081190109253","0.02904129959642887","0.0018370782490819693","0.0008924604044295847","0.026311760768294334","0.02904129959642887","0.05624232068657875","0.25975003838539124","40327744300000","40.3277443","[847,531,252,319,110]","[0.9951478838920592,0.9929541349411012,0.990250289440155,0.9888850450515748,0.9884952902793884]","50000","0.015289027209621397","0.00770359500959215","0.03004291843344569","0.010253906247496603","57.14219665527344","1","0"
"spiked-rho0.90-adaptive_elastic_net_sweep054-seed0","finished","-","","model=adaptive_elastic_net_sweep054, regularization-sweep, rho=0.90, seed=0, spiked, topk-sweep","2026-07-25T06:41:45.000Z","130","","256","cuda","253.8714141845703","232.3142852783203","12.344648361206056","0.06261799484491348","0.0033026470337063074","1.0023272037506104","1.6490353345870972","29.214345932006836","0.9296931028366088","0.8995046615600586","0","torch.float32","0.001","500","10000","806554886","0.806554886","AdaptiveElasticNetSAE","adaptive_elastic_net_sweep054","50000","0.9","0","10000","358.8253173828125","23.20363998413086","6.530058860778809","0.2814238965511322","8.299129486083984","0.06755654513835907","9.569377990430622","0.09569377990430622","45.1171875","0.99263334274292","0.24314072728157043","0.19630424678325653","0.22288179397583008","0.27734729647636414","0.1031707301735878","0.99263334274292","0.05306091532111168","0","1024","1024","0.7328851521015167","40.23965835571289","0.4843878149986267","0.9956396222114564","13.7145357131958","13.1875","0.21529686450958252","0.02718801610171795","0.0026846639811992645","0.001072410843335092","0.02343094162642956","0.02718801610171795","0.09946077316999435","0.24314072728157043","40327744300000","40.3277443","[935,995,664,219,744]","[0.9916244745254515,0.9914634823799132,0.9909638166427612,0.9888408184051514,0.9879940152168274]","50000","0.13356481510119164","0.07156173812253525","0.1478080568282559","0.12182617184525728","99.65969848632812","1","0"
"spiked-rho0.90-adaptive_elastic_net_sweep053-seed0","finished","-","","model=adaptive_elastic_net_sweep053, regularization-sweep, rho=0.90, seed=0, spiked, topk-sweep","2026-07-25T06:39:12.000Z","152","","256","cuda","253.8714141845703","232.3142852783203","12.344648361206056","0.06261799484491348","0.0033026470337063074","1.0023272037506104","1.6490353345870972","29.214345932006836","0.9296931028366088","0.8995046615600586","0","torch.float32","0.001","500","10000","806554886","0.806554886","AdaptiveElasticNetSAE","adaptive_elastic_net_sweep053","50000","0.9","0","10000","7.992871761322021","19.246044158935547","3.4497578144073486","0.17924503982067108","8.350851058959961","0.06838355958461761","7.4074074074074066","0.07407407407407407","90.8203125","0.9972749948501588","0.25756895542144775","0.19978058338165283","0.23624491691589355","0.33665841817855835","0.08834704011678696","0.9972749948501588","0.05487614870071411","0","1024","1024","0.7798048555850983","42.18393325805664","0.3980104923248291","0.9963468909263612","9.74817943572998","3.7265625","0.4058569669723511","0.028886808082461357","0.0012633197475224731","0.0011113230139017103","0.02651216462254524","0.028886808082461357","0.04599928110837936","0.25756895542144775","40327744300000","40.3277443","[300,868,552,1013,791]","[0.9953925609588624,0.9953656196594238,0.9952037930488586,0.9950697422027588,0.913196623325348]","50000","0.00594146441389957","0.002979737782483167","0.015739769133536443","0.00366210937410593","46.91926574707031","1","0"
"spiked-rho0.90-adaptive_elastic_net_sweep052-seed0","finished","-","","model=adaptive_elastic_net_sweep052, regularization-sweep, rho=0.90, seed=0, spiked, topk-sweep","2026-07-25T06:35:56.000Z","195","","256","cuda","253.8714141845703","232.3142852783203","12.344648361206056","0.06261799484491348","0.0033026470337063074","1.0023272037506104","1.6490353345870972","29.214345932006836","0.9296931028366088","0.8995046615600586","0","torch.float32","0.001","500","10000","806554886","0.806554886","AdaptiveElasticNetSAE","adaptive_elastic_net_sweep052","50000","0.9","0","10000","17.988075256347656","22.13951301574707","6.791403293609619","0.30675485730171204","8.34178638458252","0.06823176145553589","8.189158016147635","0.08189158016147635","89.74609375","0.9873308539390564","0.2598217725753784","0.20064927637577057","0.2395609021186829","0.3115882873535156","0.10134007036685944","0.9873308539390564","0.05464353784918785","0","1024","1024","0.7992179691791534","42.80714797973633","0.4140660762786865","0.9957249760627748","12.533354759216309","8.765625","0.26136302947998047","0.026944946497678757","0.0008140449644997716","0.0009643424418754876","0.02516655996441841","0.026944946497678757","0.07670708745718002","0.2598217725753784","40327744300000","40.3277443","[939,199,837,699,160]","[0.9886026978492736,0.985875129699707,0.9857603907585144,0.9856975078582764,0.9851369857788086]","50000","0.011040552144349429","0.005551149880166352","0.015597147943138526","0.008544921872913837","77.70427703857422","1","0"
"spiked-rho0.90-adaptive_elastic_net_sweep051-seed0","finished","-","","model=adaptive_elastic_net_sweep051, regularization-sweep, rho=0.90, seed=0, spiked, topk-sweep","2026-07-25T06:32:25.000Z","210","","256","cuda","253.8714141845703","232.3142852783203","12.344648361206056","0.06261799484491348","0.0033026470337063074","1.0023272037506104","1.6490353345870972","29.214345932006836","0.9296931028366088","0.8995046615600586","0","torch.float32","0.001","500","10000","806554886","0.806554886","AdaptiveElasticNetSAE","adaptive_elastic_net_sweep051","50000","0.9","0","10000","520.2581176757812","43.70424270629883","9.82066249847412","0.22470730543136597","7.915590286254883","0.06146366894245148","14.321608040201006","0.14321608040201006","41.40625","0.9933965802192688","0.2523178458213806","0.19423401355743408","0.22002126276493073","0.29337263107299805","0.1295483410358429","0.9933965802192688","0.05371249467134476","0","1024","1024","0.7104721367359161","39.61655807495117","0.6022967100143433","0.9977406859397888","19.400554656982425","20.84375","0.17118684947490692","0.02565106749534607","0.006651600357145071","0.001144307665526867","0.01785515993833542","0.02565106749534607","0.19208842515945437","0.2523178458213806","40327744300000","40.3277443","[860,350,803,899,73]","[0.9953409433364868,0.9940667748451232,0.9933328032493592,0.99321448802948,0.9927955269813538]","50000","0.34308687074111704","0.20706424363871712","0.30322338824902106","0.3950195311535597","188.2466583251953","1","0"
"spiked-rho0.90-adaptive_elastic_net_sweep050-seed0","finished","-","","model=adaptive_elastic_net_sweep050, regularization-sweep, rho=0.90, seed=0, spiked, topk-sweep","2026-07-25T06:28:53.000Z","208","","256","cuda","253.8714141845703","232.3142852783203","12.344648361206056","0.06261799484491348","0.0033026470337063074","1.0023272037506104","1.6490353345870972","29.214345932006836","0.9296931028366088","0.8995046615600586","0","torch.float32","0.001","500","10000","806554886","0.806554886","AdaptiveElasticNetSAE","adaptive_elastic_net_sweep050","50000","0.9","0","10000","548.258056640625","43.30622482299805","11.133855819702148","0.25709596276283264","7.828440666198731","0.06012047082185745","12.096774193548388","0.12096774193548387","39.94140625","0.9906845688819884","0.2551344037055969","0.19133703410625455","0.21614763140678409","0.29792407155036926","0.14434458315372467","0.9906845688819884","0.0538540855050087","0","1024","1024","0.7071391344070435","39.529579162597656","0.6545472741127014","0.9959370493888856","20.786718368530273","30.9453125","0.15335097908973694","0.02363598719239235","0.006982142571359873","0.0014111394993960855","0.01524270512163639","0.02363598719239235","0.21241174638271332","0.2551344037055969","40327744300000","40.3277443","[818,127,834,304,669]","[0.991990566253662,0.991463303565979,0.991089642047882,0.9909528493881226,0.989721953868866]","50000","0.30570765513489473","0.18043414201154756","0.23188588737290003","0.44848632801550625","206.67662048339844","1","0"
"spiked-rho0.90-adaptive_elastic_net_sweep049-seed0","finished","-","","model=adaptive_elastic_net_sweep049, regularization-sweep, rho=0.90, seed=0, spiked, topk-sweep","2026-07-25T06:25:33.000Z","199","","256","cuda","253.8714141845703","232.3142852783203","12.344648361206056","0.06261799484491348","0.0033026470337063074","1.0023272037506104","1.6490353345870972","29.214345932006836","0.9296931028366088","0.8995046615600586","0","torch.float32","0.001","500","10000","806554886","0.806554886","AdaptiveElasticNetSAE","adaptive_elastic_net_sweep049","50000","0.9","0","10000","13.73719596862793","22.81359100341797","6.014240264892578","0.2636253237724304","8.373876571655273","0.06879670917987823","9.153318077803204","0.09153318077803203","89.74609375","0.9927152395248412","0.25806865096092224","0.2010401636362076","0.23451602458953855","0.3237881064414978","0.09798812121152878","0.9927152395248412","0.05522456765174866","0","1024","1024","0.7624034285545349","40.773189544677734","0.4239543080329895","0.9959093332290648","12.517101287841797","6.2890625","0.2874705195426941","0.029141992330551147","0.001895447843708098","0.0008980212733149529","0.026348523795604702","0.029141992330551147","0.0637475997209549","0.25806865096092224","40327744300000","40.3277443","[677,975,226,225,892]","[0.9937284588813782,0.9928967952728271,0.9923487901687622,0.992322564125061,0.9908721446990968]","50000","0.0094633173207868","0.004754358160810995","0.01677018632498746","0.0065917968733906745","64.76756286621094","1","0"
"spiked-rho0.90-adaptive_elastic_net_sweep048-seed0","finished","-","","model=adaptive_elastic_net_sweep048, regularization-sweep, rho=0.90, seed=0, spiked, topk-sweep","2026-07-25T06:22:21.000Z","191","","256","cuda","253.8714141845703","232.3142852783203","12.344648361206056","0.06261799484491348","0.0033026470337063074","1.0023272037506104","1.6490353345870972","29.214345932006836","0.9296931028366088","0.8995046615600586","0","torch.float32","0.001","500","10000","806554886","0.806554886","AdaptiveElasticNetSAE","adaptive_elastic_net_sweep048","50000","0.9","0","10000","28.729093551635746","20.6529541015625","7.749167442321777","0.37520867586135864","8.323911666870117","0.06795886158943176","7.83625730994152","0.0783625730994152","88.57421875","0.9934068918228148","0.2519929111003876","0.19938188791275024","0.2280747890472412","0.29477930068969727","0.11326303333044052","0.9934068918228148","0.053741034120321274","0","1024","1024","0.7689363360404968","41.07688522338867","0.45490407943725586","0.9951822757720948","14.506957054138184","12.8125","0.1974092423915863","0.02721071057021618","0.002008365234360099","0.0008790470892563462","0.024323297664523125","0.02721071057021618","0.11389107257127762","0.2519929111003876","40327744300000","40.3277443","[306,164,81,170,984]","[0.9897518157958984,0.9896343946456908,0.9887371063232422,0.9873557686805724,0.9869033098220824]","50000","0.020606881396793408","0.01041095890268343","0.023170731700252828","0.018554687495470047","114.23274230957033","1","0"
"spiked-rho0.90-adaptive_elastic_net_sweep047-seed0","finished","-","","model=adaptive_elastic_net_sweep047, regularization-sweep, rho=0.90, seed=0, spiked, topk-sweep","2026-07-25T06:19:03.000Z","197","","256","cuda","253.8714141845703","232.3142852783203","12.344648361206056","0.06261799484491348","0.0033026470337063074","1.0023272037506104","1.6490353345870972","29.214345932006836","0.9296931028366088","0.8995046615600586","0","torch.float32","0.001","500","10000","806554886","0.806554886","AdaptiveElasticNetSAE","adaptive_elastic_net_sweep047","50000","0.9","0","10000","14.827425003051758","9.914167404174805","1.8167519569396973","0.18324805796146393","8.899720191955566","0.0786481648683548","4.984093319194061","0.04984093319194061","94.921875","0.9890792369842528","0.3517347574234009","0.2039623111486435","0.280002236366272","0.6297499537467957","0.1810823231935501","0.9890792369842528","0.0899604931473732","0","1024","1024","0.7093796133995056","47.130401611328125","0.3983638286590576","0.9952876567840576","10.7124662399292","0.86328125","2.662886619567871","0.030177319422364235","0.0014092072378844025","0.0010906917741522193","0.027677420526742935","0.030177319422364235","0.11217685788869858","0.3517347574234009","40327744300000","40.3277443","[242,450,925,155,1014]","[0.9462372064590454,0.9457845091819764,0.9404672384262084,0.936979591846466,0.9325562119483948]","50000","0.0013897569269901197","0.0006954102919111241","0.01357466057206036","0.000732421874821186","114.75692749023438","1","0"
"spiked-rho0.90-adaptive_elastic_net_sweep046-seed0","finished","-","","model=adaptive_elastic_net_sweep046, regularization-sweep, rho=0.90, seed=0, spiked, topk-sweep","2026-07-25T06:15:47.000Z","193","","256","cuda","253.8714141845703","232.3142852783203","12.344648361206056","0.06261799484491348","0.0033026470337063074","1.0023272037506104","1.6490353345870972","29.214345932006836","0.9296931028366088","0.8995046615600586","0","torch.float32","0.001","500","10000","806554886","0.806554886","AdaptiveElasticNetSAE","adaptive_elastic_net_sweep046","50000","0.9","0","10000","37.69706344604492","1.2441469430923462","1.108792781829834","0.891207218170166","8.594922065734863","0.07262337952852249","12.247324613555293","0.12247324613555292","85.44921875","0.9988961219787598","0.3135547637939453","0.19982203841209412","0.25728318095207214","0.47101473808288574","0.1609153151512146","0.9988961219787598","0.07336786389350891","0","1024","1024","0.7590528279542923","46.31640625","0.4149177670478821","0.9955309629440308","8.88418960571289","0.9921875","1.7600177526474","0.027719227597117424","0.0004786838253494352","0.0004769538645632565","0.026763590052723885","0.027719227597117424","0.0771542638540268","0.3135547637939453","40327744300000","40.3277443","[959,707,1022,886,577]","[0.9977939128875732,0.95234215259552,0.9304066300392152,0.9285397529602052,0.9213432669639589]","50000","0.002298740616277943","0.0011507479859261798","0.019685039292578584","0.001220703124701977","78.9288101196289","1","0.001974333776161074"
"spiked-rho0.90-adaptive_elastic_net_sweep045-seed0","finished","-","","model=adaptive_elastic_net_sweep045, regularization-sweep, rho=0.90, seed=0, spiked, topk-sweep","2026-07-25T06:12:23.000Z","202","","256","cuda","253.8714141845703","232.3142852783203","12.344648361206056","0.06261799484491348","0.0033026470337063074","1.0023272037506104","1.6490353345870972","29.214345932006836","0.9296931028366088","0.8995046615600586","0","torch.float32","0.001","500","10000","806554886","0.806554886","AdaptiveElasticNetSAE","adaptive_elastic_net_sweep045","50000","0.9","0","10000","1.0000067949295044","1.1841646432876587","1.0843180418014526","0.9156818389892578","8.78934097290039","0.0766373872756958","4.736275565123789","0.04736275565123789","94.62890625","0.987329602241516","0.3051218092441559","0.2006492167711258","0.24858494102954865","0.4986945688724518","0.15695428848266602","0.987329602241516","0.06996092200279236","0","1024","1024","0.7691689878702164","44.30555725097656","0.3958256244659424","0.9959848523139954","8.588033676147461","0.85546875","2.4926917552948","0.029564226046204567","0.0012463891180232167","0.000996162765659392","0.027321673929691315","0.029564226046204567","0.07209611684083939","0.3051218092441559","40327744300000","40.3277443","[159,651,961,869,926]","[0.944167971611023,0.9369885921478271,0.9333602786064148,0.930889368057251,0.9308658838272096]","50000","0.0023174007514588325","0.0011600928071554308","0.022831050124059133","0.001220703124701977","73.75432586669922","1","0"
"spiked-rho0.90-adaptive_elastic_net_sweep044-seed0","finished","-","","model=adaptive_elastic_net_sweep044, regularization-sweep, rho=0.90, seed=0, spiked, topk-sweep","2026-07-25T06:09:02.000Z","200","","256","cuda","253.8714141845703","232.3142852783203","12.344648361206056","0.06261799484491348","0.0033026470337063074","1.0023272037506104","1.6490353345870972","29.214345932006836","0.9296931028366088","0.8995046615600586","0","torch.float32","0.001","500","10000","806554886","0.806554886","AdaptiveElasticNetSAE","adaptive_elastic_net_sweep044","50000","0.9","0","10000","2.0000267028808594","3.0785470008850098","1.5096291303634644","0.490370661020279","8.54086685180664","0.0715717002749443","6.877729257641921","0.06877729257641921","92.1875","0.9991413354873656","0.2766788899898529","0.19956417381763455","0.24048258364200592","0.3637907803058624","0.12344375997781754","0.9991413354873656","0.06142716854810715","0","1024","1024","0.8042305111885071","44.46145248413086","0.4222026467323303","0.9960073828697203","6.778251647949219","0.99609375","1.7060446739196775","0.02710716985166073","0.00033456305391155183","0.000459965318441391","0.02631264179944992","0.02710716985166073","0.04491172358393669","0.2766788899898529","40327744300000","40.3277443","[274,502,103,679,506]","[0.9982836842536926,0.922521471977234,0.9126861095428468,0.9062736630439758,0.9052574634552002]","50000","0.0013788829982384664","0.0006899724009452685","0.01176470583621684","0.000732421874821186","45.94469451904297","1","0.001956947147846222"
"spiked-rho0.90-adaptive_elastic_net_sweep043-seed0","finished","-","","model=adaptive_elastic_net_sweep043, regularization-sweep, rho=0.90, seed=0, spiked, topk-sweep","2026-07-25T06:05:39.000Z","201","","256","cuda","253.8714141845703","232.3142852783203","12.344648361206056","0.06261799484491348","0.0033026470337063074","1.0023272037506104","1.6490353345870972","29.214345932006836","0.9296931028366088","0.8995046615600586","0","torch.float32","0.001","500","10000","806554886","0.806554886","AdaptiveElasticNetSAE","adaptive_elastic_net_sweep043","50000","0.9","0","10000","60.60036849975586","1.3202247619628906","1.138014554977417","0.861985445022583","8.570854187011719","0.07227396219968796","10.285714285714285","0.10285714285714286","89.6484375","0.9977169632911682","0.3351525664329529","0.20000959932804108","0.27060455083847046","0.5584467053413391","0.17954154312610626","0.9977169632911682","0.08153823018074036","0","1024","1024","0.7389062941074371","46.12535858154297","0.3858547806739807","0.9955416917800904","9.729649543762209","0.8828125","1.4589579105377195","0.031499870121479034","0.0033152077812701464","0.0003815093368757516","0.027803150936961177","0.031499870121479034","0.09253773093223572","0.3351525664329529","40327744300000","40.3277443","[747,57,115,714,349]","[0.9954389333724976,0.9692971110343932,0.967545747756958,0.9651306867599488,0.964264452457428]","50000","0.0013881470761583608","0.0006946052325319275","0.01327433622444984","0.000732421874821186","94.66609954833984","1","0"
"spiked-rho0.90-adaptive_elastic_net_sweep042-seed0","finished","-","","model=adaptive_elastic_net_sweep042, regularization-sweep, rho=0.90, seed=0, spiked, topk-sweep","2026-07-25T06:02:21.000Z","197","","256","cuda","253.8714141845703","232.3142852783203","12.344648361206056","0.06261799484491348","0.0033026470337063074","1.0023272037506104","1.6490353345870972","29.214345932006836","0.9296931028366088","0.8995046615600586","0","torch.float32","0.001","500","10000","806554886","0.806554886","AdaptiveElasticNetSAE","adaptive_elastic_net_sweep042","50000","0.9","0","10000","56.523067474365234","1.1758599281311035","1.0808231830596924","0.9191768169403076","8.481887817382812","0.07064691185951233","7.701019252548131","0.07701019252548132","90.234375","0.9987682700157166","0.29882222414016724","0.20177224278450012","0.2515377998352051","0.43986156582832336","0.14219753444194794","0.9987682700157166","0.07049146294593811","0","1024","1024","0.7632519900798798","45.98711013793945","0.4096804857254028","0.9964586496353148","8.527299880981445","0.96875","1.485995531082153","0.028633899986743927","0.0017298529855906963","0.00040401454316452146","0.026500031352043152","0.028633899986743927","0.07076690346002579","0.29882222414016724","40327744300000","40.3277443","[108,582,254,279,220]","[0.9975417852401732,0.9512377977371216,0.9293615818023682,0.929101586341858,0.9283432960510254]","50000","0.002301918124775521","0.001152339248409233","0.02016129024128512","0.001220703124701977","72.32377624511719","1","0"
"spiked-rho0.90-adaptive_elastic_net_sweep041-seed0","finished","-","","model=adaptive_elastic_net_sweep041, regularization-sweep, rho=0.90, seed=0, spiked, topk-sweep","2026-07-25T05:59:11.000Z","189","","256","cuda","253.8714141845703","232.3142852783203","12.344648361206056","0.06261799484491348","0.0033026470337063074","1.0023272037506104","1.6490353345870972","29.214345932006836","0.9296931028366088","0.8995046615600586","0","torch.float32","0.001","500","10000","806554886","0.806554886","AdaptiveElasticNetSAE","adaptive_elastic_net_sweep041","50000","0.9","0","10000","1.996517300605774","1.2426878213882446","1.108212947845459","0.8917871117591858","8.481821060180664","0.07054196298122406","7.276736493936053","0.07276736493936053","91.6015625","0.9988375306129456","0.3046364188194275","0.20112015306949615","0.2567616105079651","0.4410342276096344","0.14912520349025726","0.9988375306129456","0.07041196525096893","0","1024","1024","0.7714484632015228","43.92893600463867","0.3613594174385071","0.9955341815948486","8.294193267822266","0.88671875","1.2974798679351809","0.03029368072748184","0.0029019450303167105","0.00030057510593906045","0.02709116041660309","0.03029368072748184","0.06724696606397629","0.3046364188194275","40327744300000","40.3277443","[468,735,913,467,833]","[0.9976767897605896,0.9502745270729064,0.9449976682662964,0.9434882998466492,0.9426562786102296]","50000","0.00046254220010076336","0.0002313743636669657","0.004405286324205787","0.00024414062494039536","68.79364776611328","1","0"
"spiked-rho0.90-adaptive_elastic_net_sweep040-seed0","finished","-","","model=adaptive_elastic_net_sweep040, regularization-sweep, rho=0.90, seed=0, spiked, topk-sweep","2026-07-25T05:56:52.000Z","132","","256","cuda","253.8714141845703","232.3142852783203","12.344648361206056","0.06261799484491348","0.0033026470337063074","1.0023272037506104","1.6490353345870972","29.214345932006836","0.9296931028366088","0.8995046615600586","0","torch.float32","0.001","500","10000","806554886","0.806554886","AdaptiveElasticNetSAE","adaptive_elastic_net_sweep040","50000","0.9","0","10000","1.999229431152344","1.07980215549469","1.0383700132369995","0.9616299271583556","8.510688781738281","0.07105094194412231","6.674082313681868","0.06674082313681869","91.9921875","0.99891859292984","0.30893343687057495","0.2010430246591568","0.26772844791412354","0.447360634803772","0.15118539333343506","0.99891859292984","0.07219891250133514","0","1024","1024","0.7721162140369415","44.47674560546875","0.3929522037506103","0.9959731698036194","8.38720989227295","0.953125","1.538849711418152","0.028243307024240497","0.0015240212669596076","0.0003761101106647402","0.026343174278736115","0.028243307024240497","0.06876372545957565","0.30893343687057495","40327744300000","40.3277443","[298,995,362,850,858]","[0.997838258743286,0.93960702419281,0.938628315925598,0.9353919625282288,0.932833969593048]","50000","0.0032257003328669096","0.0016155088849260303","0.028688524472588017","0.0017089843745827671","70.34529113769531","1","0"
"spiked-rho0.90-adaptive_elastic_net_sweep039-seed0","finished","-","","model=adaptive_elastic_net_sweep039, regularization-sweep, rho=0.90, seed=0, spiked, topk-sweep","2026-07-25T05:54:25.000Z","147","","256","cuda","253.8714141845703","232.3142852783203","12.344648361206056","0.06261799484491348","0.0033026470337063074","1.0023272037506104","1.6490353345870972","29.214345932006836","0.9296931028366088","0.8995046615600586","0","torch.float32","0.001","500","10000","806554886","0.806554886","AdaptiveElasticNetSAE","adaptive_elastic_net_sweep039","50000","0.9","0","10000","79.00669860839844","26.20275115966797","1.926478147506714","0.07352197915315628","8.422582626342773","0.06966231763362885","8.080808080808081","0.08080808080808081","91.2109375","0.9814077019691468","0.3237769603729248","0.20152907073497772","0.2565169334411621","0.5241794586181641","0.16774490475654602","0.9814077019691468","0.08050670474767685","0","1024","1024","0.7339687943458557","47.46588897705078","0.4069557785987854","0.9959221482276917","13.086376190185549","1.5078125","0.9795746207237244","0.03207878768444061","0.002762540010735393","0.0012876795371994376","0.028028568252921104","0.03207878768444061","0.09151430428028108","0.3237769603729248","40327744300000","40.3277443","[161,906,144,883,568]","[0.9861272573471068,0.951336681842804,0.9434232711791992,0.940686583518982,0.9390755891799928]","50000","0.004908365573225309","0.0024602997086870275","0.028497409252597385","0.0026855468743443487","93.52761840820312","1","0"
"spiked-rho0.90-adaptive_elastic_net_sweep038-seed0","finished","-","","model=adaptive_elastic_net_sweep038, regularization-sweep, rho=0.90, seed=0, spiked, topk-sweep","2026-07-25T05:50:58.000Z","204","","256","cuda","253.8714141845703","232.3142852783203","12.344648361206056","0.06261799484491348","0.0033026470337063074","1.0023272037506104","1.6490353345870972","29.214345932006836","0.9296931028366088","0.8995046615600586","0","torch.float32","0.001","500","10000","806554886","0.806554886","AdaptiveElasticNetSAE","adaptive_elastic_net_sweep038","50000","0.9","0","10000","100.27914428710938","16.161846160888672","2.6566364765167236","0.16437703371047974","8.512157440185547","0.07113169878721237","10.407239819004523","0.10407239819004524","87.20703125","0.9454433917999268","0.3022007346153259","0.2007564902305603","0.2505509555339813","0.4939742386341095","0.13602890074253082","0.9454433917999268","0.06982270628213882","0","1024","1024","0.7672045528888702","46.407230377197266","0.42099952697753906","0.995211124420166","12.660494804382324","2.1953125","0.9174147844314576","0.029406918212771416","0.000930250738747418","0.0012494629481807351","0.02722720429301262","0.029406918212771416","0.0719611644744873","0.3022007346153259","40327744300000","40.3277443","[795,499,815,257,497]","[0.9899815917015076,0.889642059803009,0.8838179111480713,0.8586958646774292,0.8431199789047241]","50000","0.004293476095711142","0.0021514629943736093","0.017793594274388622","0.002441406249403954","73.47235107421875","1","0.002006018068641424"
"spiked-rho0.90-adaptive_elastic_net_sweep037-seed0","finished","-","","model=adaptive_elastic_net_sweep037, regularization-sweep, rho=0.90, seed=0, spiked, topk-sweep","2026-07-25T05:47:55.000Z","182","","256","cuda","253.8714141845703","232.3142852783203","12.344648361206056","0.06261799484491348","0.0033026470337063074","1.0023272037506104","1.6490353345870972","29.214345932006836","0.9296931028366088","0.8995046615600586","0","torch.float32","0.001","500","10000","806554886","0.806554886","AdaptiveElasticNetSAE","adaptive_elastic_net_sweep037","50000","0.9","0","10000","1.9991297721862793","1.3071341514587402","1.1331236362457275","0.8668763041496277","8.445310592651367","0.06994988024234772","7.853982300884955","0.07853982300884955","91.015625","0.9988439679145812","0.297188937664032","0.19802573323249817","0.2549580931663513","0.4410543739795685","0.13190259039402008","0.9988439679145812","0.06758731603622437","0","1024","1024","0.7734695971012115","44.06404876708984","0.37156617641448975","0.996121883392334","7.690944194793701","0.95703125","1.3593276739120483","0.02982194162905216","0.0013615868519991636","0.0014800422359257936","0.026980312541127205","0.02982194162905216","0.05782075226306915","0.297188937664032","40327744300000","40.3277443","[289,230,744,87,880]","[0.997688889503479,0.9415789246559144,0.9297842979431152,0.9111840724945068,0.8931843042373657]","50000","0.0023035101754629627","0.0011531365310993688","0.020408163182007496","0.001220703124701977","59.150630950927734","1","0"
"spiked-rho0.90-adaptive_elastic_net_sweep036-seed0","finished","-","","model=adaptive_elastic_net_sweep036, regularization-sweep, rho=0.90, seed=0, spiked, topk-sweep","2026-07-25T05:44:43.000Z","191","","256","cuda","253.8714141845703","232.3142852783203","12.344648361206056","0.06261799484491348","0.0033026470337063074","1.0023272037506104","1.6490353345870972","29.214345932006836","0.9296931028366088","0.8995046615600586","0","torch.float32","0.001","500","10000","806554886","0.806554886","AdaptiveElasticNetSAE","adaptive_elastic_net_sweep036","50000","0.9","0","10000","4.978283882141113","14.771382331848145","2.6327929496765137","0.17823605239391327","8.449312210083008","0.07003189623355865","7.07182320441989","0.0707182320441989","91.69921875","0.9822407960891724","0.2739577293395996","0.20077459514141083","0.2420613318681717","0.3689596951007843","0.10724137723445892","0.9822407960891724","0.06266310811042786","0","1024","1024","0.7897613793611526","46.01719665527344","0.4258494973182678","0.9958344101905824","10.965235710144045","2.4765625","0.7301372289657593","0.028383713215589523","0.000886021472979337","0.001006632694043219","0.026491058990359303","0.028383713215589523","0.05613945797085762","0.2739577293395996","40327744300000","40.3277443","[165,305,70,468,339]","[0.9952235221862792,0.9951112866401672,0.8225423097610474,0.718360424041748,0.6954562664031982]","50000","0.004650930656607128","0.00233100233050837","0.017350157701340446","0.0026855468743443487","57.318389892578125","1","0.001962708542123437"
"spiked-rho0.90-adaptive_elastic_net_sweep035-seed0","finished","-","","model=adaptive_elastic_net_sweep035, regularization-sweep, rho=0.90, seed=0, spiked, topk-sweep","2026-07-25T05:41:29.000Z","194","","256","cuda","253.8714141845703","232.3142852783203","12.344648361206056","0.06261799484491348","0.0033026470337063074","1.0023272037506104","1.6490353345870972","29.214345932006836","0.9296931028366088","0.8995046615600586","0","torch.float32","0.001","500","10000","806554886","0.806554886","AdaptiveElasticNetSAE","adaptive_elastic_net_sweep035","50000","0.9","0","10000","119.6278076171875","37.82406234741211","1.9484858512878416","0.05151445418596268","8.45431900024414","0.07012416422367096","9.19952210274791","0.09199522102747908","88.0859375","0.9925641417503356","0.3168247938156128","0.20159409940242767","0.2680175304412842","0.5046643614768982","0.1400117725133896","0.9925641417503356","0.07476052641868591","0","1024","1024","0.7540175914764404","45.74664306640625","0.3913606405258178","0.9958194494247437","10.996747016906738","1.265625","0.9377505779266356","0.032815784215927124","0.003649499965831638","0.0011338277254253626","0.02803245559334755","0.032815784215927124","0.06781435757875443","0.3168247938156128","40327744300000","40.3277443","[25,353,850,520,621]","[0.9949632287025452,0.9697344303131104,0.9509354829788208,0.9172819256782532,0.8847737908363342]","50000","0.0031672849592471056","0.0015862225240004027","0.02160493820492303","0.0017089843745827671","69.3062744140625","1","0"
"spiked-rho0.90-adaptive_elastic_net_sweep034-seed0","finished","-","","model=adaptive_elastic_net_sweep034, regularization-sweep, rho=0.90, seed=0, spiked, topk-sweep","2026-07-25T05:38:19.000Z","189","","256","cuda","253.8714141845703","232.3142852783203","12.344648361206056","0.06261799484491348","0.0033026470337063074","1.0023272037506104","1.6490353345870972","29.214345932006836","0.9296931028366088","0.8995046615600586","0","torch.float32","0.001","500","10000","806554886","0.806554886","AdaptiveElasticNetSAE","adaptive_elastic_net_sweep034","50000","0.9","0","10000","132.5111846923828","25.141374588012695","2.099714756011963","0.08351630717515945","8.370975494384766","0.06866078078746796","9.178743961352655","0.09178743961352658","85.44921875","0.9984040856361388","0.2898154854774475","0.2011059373617172","0.249694362282753","0.4354969561100006","0.11328670382499696","0.9984040856361388","0.06584551930427551","0","1024","1024","0.7759672701358795","44.3663330078125","0.3501715064048767","0.9950906038284302","10.063284873962402","1.80078125","0.6482765674591064","0.029901646077632904","0.0021224794909358025","0.0007479384075850248","0.027031227946281433","0.029901646077632904","0.05665367469191551","0.2898154854774475","40327744300000","40.3277443","[814,674,31,923,283]","[0.997233271598816,0.996372938156128,0.9029653072357178,0.8864645957946777,0.8076990246772766]","50000","0.006144211385684814","0.0030816640979349184","0.03036876349160789","0.0034179687491655347","57.84340286254883","1","0"
"spiked-rho0.90-adaptive_elastic_net_sweep033-seed0","finished","-","","model=adaptive_elastic_net_sweep033, regularization-sweep, rho=0.90, seed=0, spiked, topk-sweep","2026-07-25T05:34:59.000Z","199","","256","cuda","253.8714141845703","232.3142852783203","12.344648361206056","0.06261799484491348","0.0033026470337063074","1.0023272037506104","1.6490353345870972","29.214345932006836","0.9296931028366088","0.8995046615600586","0","torch.float32","0.001","500","10000","806554886","0.806554886","AdaptiveElasticNetSAE","adaptive_elastic_net_sweep033","50000","0.9","0","10000","1.9989538192749023","2.5489861965179443","1.4364588260650637","0.5635412335395813","8.43490219116211","0.06979093700647354","6.557377049180328","0.06557377049180328","92.1875","0.9990571737289428","0.3074061870574951","0.2026008367538452","0.26163020730018616","0.4780047535896301","0.1384621113538742","0.9990571737289428","0.07101580500602722","0","1024","1024","0.765891432762146","44.80221176147461","0.3612626791000366","0.9961495399475098","7.938691139221191","0.875","1.242892146110535","0.0319911390542984","0.0027812058106064796","0.0013200221583247185","0.027889911085367203","0.0319911390542984","0.06160588562488556","0.3074061870574951","40327744300000","40.3277443","[292,287,868,800,927]","[0.9981154799461364,0.9323810935020448,0.9126405119895936,0.9090051054954528,0.9025182127952576]","50000","0.0009258276094626964","0.0004631773968357625","0.008928571388711734","0.0004882812498807906","63.02281951904297","1","0"
"spiked-rho0.90-adaptive_elastic_net_sweep032-seed0","finished","-","","model=adaptive_elastic_net_sweep032, regularization-sweep, rho=0.90, seed=0, spiked, topk-sweep","2026-07-25T05:31:37.000Z","201","","256","cuda","253.8714141845703","232.3142852783203","12.344648361206056","0.06261799484491348","0.0033026470337063074","1.0023272037506104","1.6490353345870972","29.214345932006836","0.9296931028366088","0.8995046615600586","0","torch.float32","0.001","500","10000","806554886","0.806554886","AdaptiveElasticNetSAE","adaptive_elastic_net_sweep032","50000","0.9","0","10000","3.998268604278565","24.072540283203125","1.9202312231063845","0.07976853102445602","8.385963439941406","0.06894616782665253","5.745856353591161","0.0574585635359116","92.96875","0.9983823895454408","0.3074803948402405","0.20187260210514069","0.2636306881904602","0.48197585344314575","0.12762117385864258","0.9983823895454408","0.07250034064054489","0","1024","1024","0.7628596723079681","45.562644958496094","0.4002345204353333","0.9963606595993042","10.731575012207031","1.83203125","0.757495641708374","0.030029788613319397","0.0020878708455711603","0.0009592411806806922","0.02698267623782158","0.030029788613319397","0.0661688894033432","0.3074803948402405","40327744300000","40.3277443","[149,561,970,935,544]","[0.9970059990882874,0.9969249367713928,0.9401627779006958,0.8858022689819336,0.8838372230529785]","50000","0.002628512250212811","0.0013160780870111694","0.012793176945003887","0.001464843749642372","67.62460327148438","1","0"
"spiked-rho0.90-adaptive_elastic_net_sweep031-seed0","finished","-","","model=adaptive_elastic_net_sweep031, regularization-sweep, rho=0.90, seed=0, spiked, topk-sweep","2026-07-25T05:28:17.000Z","199","","256","cuda","253.8714141845703","232.3142852783203","12.344648361206056","0.06261799484491348","0.0033026470337063074","1.0023272037506104","1.6490353345870972","29.214345932006836","0.9296931028366088","0.8995046615600586","0","torch.float32","0.001","500","10000","806554886","0.806554886","AdaptiveElasticNetSAE","adaptive_elastic_net_sweep031","50000","0.9","0","10000","94.05170440673828","85.78782653808594","1.9769551753997805","0.023044705390930176","8.408021926879883","0.06939248740673065","8.498253783469151","0.08498253783469151","89.94140625","0.9846926927566528","0.3427808880805969","0.20166069269180295","0.2776232957839966","0.5646578073501587","0.17584559321403503","0.9846926927566528","0.08604198694229126","0","1024","1024","0.7216097116470337","46.9199333190918","0.35216063261032104","0.9957327842712402","13.194167137145996","1.51953125","0.790556788444519","0.03314051032066345","0.0024550985544919968","0.0018624961376190183","0.028822917491197583","0.03314051032066345","0.09313856810331345","0.3427808880805969","40327744300000","40.3277443","[772,412,642,617,467]","[0.9809153079986572,0.950191855430603,0.9304856061935424,0.9199243783950806,0.9167231917381288]","50000","0.0022294959921352487","0.0011160714283223053","0.012853470403975654","0.001220703124701977","95.18761444091795","1","0"
"spiked-rho0.90-adaptive_elastic_net_sweep030-seed0","finished","-","","model=adaptive_elastic_net_sweep030, regularization-sweep, rho=0.90, seed=0, spiked, topk-sweep","2026-07-25T05:24:59.000Z","197","","256","cuda","253.8714141845703","232.3142852783203","12.344648361206056","0.06261799484491348","0.0033026470337063074","1.0023272037506104","1.6490353345870972","29.214345932006836","0.9296931028366088","0.8995046615600586","0","torch.float32","0.001","500","10000","806554886","0.806554886","AdaptiveElasticNetSAE","adaptive_elastic_net_sweep030","50000","0.9","0","10000","163.20985412597656","22.26006317138672","3.5050125122070312","0.15745744109153748","8.357271194458008","0.06856130808591843","9.174311926605505","0.09174311926605504","87.6953125","0.9909862875938416","0.2608633041381836","0.20044797658920288","0.23385688662528992","0.32246217131614685","0.09656614810228348","0.9909862875938416","0.0584956631064415","0","1024","1024","0.8013582825660706","43.33908462524414","0.4353010058403015","0.9956666827201844","10.878546714782717","3.25390625","0.5062073469161987","0.029788224026560783","0.0016088313423097134","0.00144490459933877","0.0267344880849123","0.029788224026560783","0.04957590997219086","0.2608633041381836","40327744300000","40.3277443","[355,335,719,380,287]","[0.9943479299545288,0.992197573184967,0.9860885739326476,0.7594263553619385,0.7326791286468506]","50000","0.004868860950249621","0.00244051250713026","0.014405762287628136","0.002929687499284744","50.56742477416992","1","0"
"spiked-rho0.90-adaptive_elastic_net_sweep029-seed0","finished","-","","model=adaptive_elastic_net_sweep029, regularization-sweep, rho=0.90, seed=0, spiked, topk-sweep","2026-07-25T05:21:42.000Z","196","","256","cuda","253.8714141845703","232.3142852783203","12.344648361206056","0.06261799484491348","0.0033026470337063074","1.0023272037506104","1.6490353345870972","29.214345932006836","0.9296931028366088","0.8995046615600586","0","torch.float32","0.001","500","10000","806554886","0.806554886","AdaptiveElasticNetSAE","adaptive_elastic_net_sweep029","50000","0.9","0","10000","2.953714370727539","66.93233489990234","1.9705591201782229","0.02944106236100197","8.396780014038086","0.0691479817032814","6.444444444444445","0.06444444444444444","92.48046875","0.9964686632156372","0.30616721510887146","0.1998993754386902","0.2525377869606018","0.48941975831985474","0.1455237716436386","0.9964686632156372","0.07134051620960236","0","1024","1024","0.7574858367443085","45.69200134277344","0.3833086490631103","0.9967097043991088","11.62968635559082","1.3984375","0.923254132270813","0.03203342482447624","0.00191408337559551","0.002060606610029936","0.02805873565375805","0.03203342482447624","0.07291670143604279","0.30616721510887146","40327744300000","40.3277443","[242,685,766,839,163]","[0.9928184747695924,0.990488827228546,0.9866209030151368,0.9859914779663086,0.9734762907028198]","50000","0.0008979213418592384","0.0004492362981919954","0.005586592163165944","0.0004882812498807906","74.52086639404297","1","0"
"spiked-rho0.90-adaptive_elastic_net_sweep028-seed0","finished","-","","model=adaptive_elastic_net_sweep028, regularization-sweep, rho=0.90, seed=0, spiked, topk-sweep","2026-07-25T05:18:18.000Z","204","","256","cuda","253.8714141845703","232.3142852783203","12.344648361206056","0.06261799484491348","0.0033026470337063074","1.0023272037506104","1.6490353345870972","29.214345932006836","0.9296931028366088","0.8995046615600586","0","torch.float32","0.001","500","10000","806554886","0.806554886","AdaptiveElasticNetSAE","adaptive_elastic_net_sweep028","50000","0.9","0","10000","7.993660926818848","19.4777889251709","3.4543886184692383","0.17735014855861664","8.392662048339844","0.06909912824630737","8.295454545454547","0.08295454545454546","90.4296875","0.9976145029067992","0.29826825857162476","0.20124228298664093","0.2563623785972595","0.452179878950119","0.12531867623329165","0.9976145029067992","0.06975612044334412","0","1024","1024","0.768832802772522","45.85607147216797","0.42026287317276","0.9959113597869872","14.04270839691162","3.76953125","0.4321865439414978","0.029314858838915825","0.0013206234434619546","0.0012266318080946803","0.026767604053020477","0.029314858838915825","0.07504810392856598","0.29826825857162476","40327744300000","40.3277443","[481,143,983,488,124]","[0.996007204055786,0.9955869913101196,0.9955394864082336,0.9948911666870116,0.8764685988426208]","50000","0.0031611219416215848","0.0015832178900488387","0.008290155431823673","0.001953124999523163","76.54906463623047","1","0"
"spiked-rho0.90-adaptive_elastic_net_sweep027-seed0","finished","-","","model=adaptive_elastic_net_sweep027, regularization-sweep, rho=0.90, seed=0, spiked, topk-sweep","2026-07-25T05:15:01.000Z","197","","256","cuda","253.8714141845703","232.3142852783203","12.344648361206056","0.06261799484491348","0.0033026470337063074","1.0023272037506104","1.6490353345870972","29.214345932006836","0.9296931028366088","0.8995046615600586","0","torch.float32","0.001","500","10000","806554886","0.806554886","AdaptiveElasticNetSAE","adaptive_elastic_net_sweep027","50000","0.9","0","10000","289.9718322753906","301.0874328613281","3.806542158126831","0.01264264713972807","8.340763092041016","0.06821024417877197","7.599517490952954","0.07599517490952955","88.18359375","0.9959882497787476","0.3360320031642914","0.20611171424388883","0.2808569073677063","0.5575874447822571","0.152192160487175","0.9959882497787476","0.08049901574850082","0","1024","1024","0.7390056550502777","46.200172424316406","0.34285545349121094","0.9955886006355286","15.61408519744873","2.609375","0.31050920486450195","0.034122709184885025","0.0044596875086426735","0.000749974453356117","0.028913047164678577","0.034122709184885025","0.09342829138040544","0.3360320031642914","40327744300000","40.3277443","[971,52,966,596,117]","[0.9957475662231444,0.99519681930542,0.992311716079712,0.9401203989982604,0.9133522510528564]","50000","0.005037542270476797","0.0025252525247211168","0.017964071829395103","0.002929687499284744","95.2968521118164","1","0"
"spiked-rho0.90-adaptive_elastic_net_sweep026-seed0","finished","-","","model=adaptive_elastic_net_sweep026, regularization-sweep, rho=0.90, seed=0, spiked, topk-sweep","2026-07-25T05:11:45.000Z","195","","256","cuda","253.8714141845703","232.3142852783203","12.344648361206056","0.06261799484491348","0.0033026470337063074","1.0023272037506104","1.6490353345870972","29.214345932006836","0.9296931028366088","0.8995046615600586","0","torch.float32","0.001","500","10000","806554886","0.806554886","AdaptiveElasticNetSAE","adaptive_elastic_net_sweep026","50000","0.9","0","10000","249.80210876464844","1697.067626953125","4.94590950012207","0.002914385637268424","8.343146324157715","0.06832272559404373","8.214285714285714","0.08214285714285714","86.23046875","0.9970648884773254","0.31710219383239746","0.2030479609966278","0.26737290620803833","0.49029770493507385","0.13019579648971558","0.9970648884773254","0.07487854361534119","0","1024","1024","0.7550912946462631","45.62998580932617","0.4043353796005249","0.9959755539894104","16.359834671020508","3.75390625","0.34298253059387207","0.03174566477537155","0.003490292700007558","0.000932954135350883","0.027322418987751007","0.03174566477537155","0.10151126980781557","0.31710219383239746","40327744300000","40.3277443","[262,283,242,11,310]","[0.993754506111145,0.9922381043434144,0.9921644926071168,0.9869211912155152,0.6279134750366211]","50000","0.005932063142876139","0.0029750099161096766","0.01560874087865896","0.00366210937410593","103.2369613647461","1","0"
"spiked-rho0.90-adaptive_elastic_net_sweep025-seed0","finished","-","","model=adaptive_elastic_net_sweep025, regularization-sweep, rho=0.90, seed=0, spiked, topk-sweep","2026-07-25T05:08:28.000Z","196","","256","cuda","253.8714141845703","232.3142852783203","12.344648361206056","0.06261799484491348","0.0033026470337063074","1.0023272037506104","1.6490353345870972","29.214345932006836","0.9296931028366088","0.8995046615600586","0","torch.float32","0.001","500","10000","806554886","0.806554886","AdaptiveElasticNetSAE","adaptive_elastic_net_sweep025","50000","0.9","0","10000","3.99676251411438","112.1943588256836","1.982331395149231","0.017668725922703743","8.391363143920898","0.069072425365448","7.222222222222221","0.07222222222222222","91.69921875","0.9982473254203796","0.315382719039917","0.2010866105556488","0.2718760073184967","0.48425209522247314","0.136007621884346","0.9982473254203796","0.07456269860267639","0","1024","1024","0.7595231235027313","45.17815017700195","0.3740669488906861","0.9949200749397278","11.075942039489746","1.6640625","0.5893590450286865","0.03387695178389549","0.0037022617179900408","0.0013822473119944334","0.02879244275391102","0.03387695178389549","0.06898953020572662","0.315382719039917","40327744300000","40.3277443","[580,477,735,406,350]","[0.9975276589393616,0.9972665309906006,0.8247652649879456,0.7882515788078308,0.7764198184013367]","50000","0.0039803689271835415","0.00199423886505778","0.02112676051378695","0.002197265624463558","70.5073013305664","1","0"
"spiked-rho0.90-adaptive_elastic_net_sweep024-seed0","finished","-","","model=adaptive_elastic_net_sweep024, regularization-sweep, rho=0.90, seed=0, spiked, topk-sweep","2026-07-25T05:05:15.000Z","192","","256","cuda","253.8714141845703","232.3142852783203","12.344648361206056","0.06261799484491348","0.0033026470337063074","1.0023272037506104","1.6490353345870972","29.214345932006836","0.9296931028366088","0.8995046615600586","0","torch.float32","0.001","500","10000","806554886","0.806554886","AdaptiveElasticNetSAE","adaptive_elastic_net_sweep024","50000","0.9","0","10000","6.918965816497803","33.84938049316406","3.6423375606536865","0.1076042652130127","8.345553398132324","0.06826680898666382","6.992230854605993","0.06992230854605994","91.796875","0.9921507835388184","0.3051307797431946","0.1998521089553833","0.2658470571041107","0.482696920633316","0.12847571074962616","0.9921507835388184","0.06968870759010315","0","1024","1024","0.7738789916038513","44.73377227783203","0.36536943912506104","0.995678961277008","13.978874206542969","3.046875","0.4025506377220154","0.03061243891716003","0.0024371519684791565","0.0009473168756812812","0.027227969840168953","0.03061243891716003","0.07389072328805923","0.3051307797431946","40327744300000","40.3277443","[226,747,315,309,300]","[0.9950010776519777,0.994915246963501,0.9943703413009644,0.7767530679702759,0.7767361402511597]","50000","0.006562487610612578","0.003292181069281444","0.020512820486522025","0.003906249999046326","75.3685302734375","1","0"
"spiked-rho0.90-adaptive_elastic_net_sweep023-seed0","finished","-","","model=adaptive_elastic_net_sweep023, regularization-sweep, rho=0.90, seed=0, spiked, topk-sweep","2026-07-25T05:01:55.000Z","199","","256","cuda","253.8714141845703","232.3142852783203","12.344648361206056","0.06261799484491348","0.0033026470337063074","1.0023272037506104","1.6490353345870972","29.214345932006836","0.9296931028366088","0.8995046615600586","0","torch.float32","0.001","500","10000","806554886","0.806554886","AdaptiveElasticNetSAE","adaptive_elastic_net_sweep023","50000","0.9","0","10000","18.67038917541504","1.1226099729537964","1.0577638149261477","0.9422362446784972","8.761735916137695","0.07605454325675964","6.779661016949152","0.06779661016949153","92.96875","0.9986177682876588","0.5221521854400635","0.20289483666419983","0.44835883378982544","0.989885151386261","0.28894537687301636","0.9986177682876588","0.21583524346351624","0","1024","1024","0.5407868921756744","50.895633697509766","0.37103819847106934","0.9969816207885742","12.388191223144531","0.859375","2.304527759552002","0.03253907710313797","0.002523991512134671","0.0008467290899716318","0.02916835620999336","0.03253907710313797","0.15156716108322144","0.5221521854400635","40327744300000","40.3277443","[755,829,325,627,472]","[0.5073437690734863,0.5011930465698242,0.4966866374015808,0.49617013335227966,0.4929849207401275]","50000","0.0009266873192553434","0.00046360686127408274","0.009090909049586777","0.0004882812498807906","154.90164184570312","1","0"
"spiked-rho0.90-adaptive_elastic_net_sweep022-seed0","finished","-","","model=adaptive_elastic_net_sweep022, regularization-sweep, rho=0.90, seed=0, spiked, topk-sweep","2026-07-25T04:58:41.000Z","194","","256","cuda","253.8714141845703","232.3142852783203","12.344648361206056","0.06261799484491348","0.0033026470337063074","1.0023272037506104","1.6490353345870972","29.214345932006836","0.9296931028366088","0.8995046615600586","0","torch.float32","0.001","500","10000","806554886","0.806554886","AdaptiveElasticNetSAE","adaptive_elastic_net_sweep022","50000","0.9","0","10000","13.274630546569824","1.248808979988098","1.110640287399292","0.8893596529960632","8.85811710357666","0.07789956033229828","4.166666666666666","0.041666666666666664","95.21484375","0.9962803721427916","0.45073068141937256","0.20002059638500216","0.3510618507862091","0.9882415533065796","0.2647785544395447","0.9962803721427916","0.15385620296001434","0","1024","1024","0.6025444865226746","49.87775421142578","0.4043343663215637","0.9960249662399292","15.19074535369873","0.8828125","2.7455224990844727","0.02909138798713684","0.0006233156891539693","0.0011419986840337517","0.0273260734975338","0.02909138798713684","0.22557061910629272","0.45073068141937256","40327744300000","40.3277443","[546,839,749,212,851]","[0.9517449140548706,0.9477258324623108,0.9470021724700928,0.9391912221908568,0.9388517141342164]","50000","0.0032391419810227653","0.0016222479718140791","0.03097345119038296","0.0017089843745827671","230.7587432861328","1","0.0009832842042669654"
"spiked-rho0.90-adaptive_elastic_net_sweep021-seed0","finished","-","","model=adaptive_elastic_net_sweep021, regularization-sweep, rho=0.90, seed=0, spiked, topk-sweep","2026-07-25T04:55:19.000Z","202","","256","cuda","253.8714141845703","232.3142852783203","12.344648361206056","0.06261799484491348","0.0033026470337063074","1.0023272037506104","1.6490353345870972","29.214345932006836","0.9296931028366088","0.8995046615600586","0","torch.float32","0.001","500","10000","806554886","0.806554886","AdaptiveElasticNetSAE","adaptive_elastic_net_sweep021","50000","0.9","0","10000","1.0000114440917969","8.069971084594727","1.7794920206069946","0.22050786018371585","8.77796745300293","0.07650870829820633","5.147864184008762","0.05147864184008762","94.43359375","0.9943954944610596","0.46016114950180054","0.1968696266412735","0.3443021774291992","0.9417759776115416","0.2743537724018097","0.9943954944610596","0.1593882143497467","0","1024","1024","0.5985777080059052","49.86491775512695","0.3914405107498169","0.9957327246665956","15.754287719726562","0.828125","2.281534194946289","0.0318090096116066","0.0022816243581473827","0.0008846599375829101","0.02864272333681583","0.0318090096116066","0.24261733889579773","0.46016114950180054","40327744300000","40.3277443","[559,250,924,648,733]","[0.967211663722992,0.96602463722229,0.9646488428115844,0.9384461641311646,0.937096118927002]","50000","0.0009284115376354252","0.00046446818382153547","0.009433962219651124","0.0004882812498807906","248.19754028320312","1","0"
"spiked-rho0.90-adaptive_elastic_net_sweep020-seed0","finished","-","","model=adaptive_elastic_net_sweep020, regularization-sweep, rho=0.90, seed=0, spiked, topk-sweep","2026-07-25T04:52:05.000Z","194","","256","cuda","253.8714141845703","232.3142852783203","12.344648361206056","0.06261799484491348","0.0033026470337063074","1.0023272037506104","1.6490353345870972","29.214345932006836","0.9296931028366088","0.8995046615600586","0","torch.float32","0.001","500","10000","806554886","0.806554886","AdaptiveElasticNetSAE","adaptive_elastic_net_sweep020","50000","0.9","0","10000","1.9999654293060305","1.4107918739318848","1.170397162437439","0.8296030163764954","8.523481369018555","0.0713459700345993","7.519640852974187","0.07519640852974187","91.6015625","0.999118983745575","0.3743334114551544","0.19758333265781405","0.26280707120895386","0.7509937286376953","0.23334509134292605","0.999118983745575","0.09992875158786774","0","1024","1024","0.6876193881034851","46.035186767578125","0.4235743284225464","0.9958775639533995","12.23762035369873","0.984375","1.6634581089019775","0.02738526649773121","0.0006528196972794831","0.0004538322682492435","0.02627861499786377","0.02738526649773121","0.1463923305273056","0.3743334114551544","40327744300000","40.3277443","[637,78,385,400,524]","[0.9982388615608216,0.925464689731598,0.9194989800453186,0.918588638305664,0.914910852909088]","50000","0.0018398172113998617","0.0009208103128635336","0.015873015810027716","0.0009765624997615812","149.7593536376953","1","0.001956947147846222"
"spiked-rho0.90-adaptive_elastic_net_sweep019-seed0","finished","-","","model=adaptive_elastic_net_sweep019, regularization-sweep, rho=0.90, seed=0, spiked, topk-sweep","2026-07-25T04:48:53.000Z","191","","256","cuda","253.8714141845703","232.3142852783203","12.344648361206056","0.06261799484491348","0.0033026470337063074","1.0023272037506104","1.6490353345870972","29.214345932006836","0.9296931028366088","0.8995046615600586","0","torch.float32","0.001","500","10000","806554886","0.806554886","AdaptiveElasticNetSAE","adaptive_elastic_net_sweep019","50000","0.9","0","10000","53.577972412109375","1.5827876329421997","1.2256428003311155","0.7743570804595947","8.479656219482422","0.07080288231372833","7.915273132664437","0.07915273132664437","91.40625","0.9982104301452636","0.4399492144584656","0.1991208493709564","0.3129402995109558","0.9920578002929688","0.27825507521629333","0.9982104301452636","0.14722958207130432","0","1024","1024","0.6158108711242676","49.82724380493164","0.34977656602859497","0.9957482218742372","15.297664642333984","0.75390625","1.32279372215271","0.03565008565783501","0.0056295571848750114","0.0003528805682435632","0.029667645692825317","0.03565008565783501","0.2287571281194687","0.4399492144584656","40327744300000","40.3277443","[356,444,932,6,328]","[0.9803136587142944,0.9777019619941713,0.97426837682724,0.9726082682609558,0.971146047115326]","50000","0.0009325323855565612","0.0004665267085452468","0.010362694246825418","0.0004882812498807906","234.01853942871097","1","0"
"spiked-rho0.90-adaptive_elastic_net_sweep018-seed0","finished","-","","model=adaptive_elastic_net_sweep018, regularization-sweep, rho=0.90, seed=0, spiked, topk-sweep","2026-07-25T04:45:29.000Z","203","","256","cuda","253.8714141845703","232.3142852783203","12.344648361206056","0.06261799484491348","0.0033026470337063074","1.0023272037506104","1.6490353345870972","29.214345932006836","0.9296931028366088","0.8995046615600586","0","torch.float32","0.001","500","10000","806554886","0.806554886","AdaptiveElasticNetSAE","adaptive_elastic_net_sweep018","50000","0.9","0","10000","51.13920211791992","1.015012502670288","1.0074503421783447","0.9925496578216552","8.541672706604004","0.07185515016317368","6.877113866967305","0.06877113866967305","91.9921875","0.9962043762207032","0.4276643097400666","0.2017551511526108","0.3003371059894562","0.9894331097602844","0.2687090039253235","0.9962043762207032","0.13143622875213623","0","1024","1024","0.6379930675029755","49.28815460205078","0.4238736629486084","0.996298849582672","14.424959182739258","0.8984375","1.5540223121643066","0.031143251806497577","0.003498272504657507","0.0004371008253656328","0.0272078774869442","0.031143251806497577","0.20340122282505035","0.4276643097400666","40327744300000","40.3277443","[126,314,952,441,754]","[0.9923887252807616,0.9538733959197998,0.9506280422210692,0.9471362829208374,0.9470750093460084]","50000","0.0023115035763100226","0.0011571395507620598","0.021739130340264652","0.001220703124701977","208.07945251464844","1","0"
"spiked-rho0.90-adaptive_elastic_net_sweep017-seed0","finished","-","","model=adaptive_elastic_net_sweep017, regularization-sweep, rho=0.90, seed=0, spiked, topk-sweep","2026-07-25T04:42:14.000Z","195","","256","cuda","253.8714141845703","232.3142852783203","12.344648361206056","0.06261799484491348","0.0033026470337063074","1.0023272037506104","1.6490353345870972","29.214345932006836","0.9296931028366088","0.8995046615600586","0","torch.float32","0.001","500","10000","806554886","0.806554886","AdaptiveElasticNetSAE","adaptive_elastic_net_sweep017","50000","0.9","0","10000","1.974339485168457","1.249828219413757","1.1110433340072632","0.8889568448066711","8.510841369628906","0.07110424339771271","7.236842105263158","0.07236842105263158","91.89453125","0.998565137386322","0.3253924250602722","0.1977631449699402","0.24333125352859497","0.5579107403755188","0.1975651979446411","0.998565137386322","0.07896141707897186","0","1024","1024","0.7335879802703857","43.63240051269531","0.3624382615089417","0.995033323764801","10.272249221801758","0.82421875","1.218363881111145","0.03454313054680824","0.005403174553066492","0.0002750626881606877","0.028864892199635506","0.03454313054680824","0.1031467467546463","0.3253924250602722","40327744300000","40.3277443","[997,944,684,85,301]","[0.9971323013305664,0.9770460724830629,0.9755357503890992,0.974909007549286,0.9735112190246582]","50000","0.0009286275161805046","0.0004645760742242564","0.00947867294085937","0.0004882812498807906","105.51911926269533","1","0"
"spiked-rho0.90-adaptive_elastic_net_sweep016-seed0","finished","-","","model=adaptive_elastic_net_sweep016, regularization-sweep, rho=0.90, seed=0, spiked, topk-sweep","2026-07-25T04:38:58.000Z","196","","256","cuda","253.8714141845703","232.3142852783203","12.344648361206056","0.06261799484491348","0.0033026470337063074","1.0023272037506104","1.6490353345870972","29.214345932006836","0.9296931028366088","0.8995046615600586","0","torch.float32","0.001","500","10000","806554886","0.806554886","AdaptiveElasticNetSAE","adaptive_elastic_net_sweep016","50000","0.9","0","10000","1.9968745708465576","1.223413109779358","1.1004819869995115","0.8995178937911987","8.526293754577637","0.071390300989151","7.333333333333333","0.07333333333333333","91.69921875","0.9988420605659484","0.36369842290878296","0.19773414731025696","0.258020281791687","0.6850170493125916","0.22620780766010284","0.9988420605659484","0.09709716588258745","0","1024","1024","0.6928380131721497","45.672889709472656","0.38715028762817383","0.9957401752471924","12.095648765563965","0.8828125","1.3930790424346924","0.030406026169657707","0.0027552966494113207","0.0003541294136084616","0.027296599000692368","0.030406026169657707","0.14301536977291107","0.36369842290878296","40327744300000","40.3277443","[330,107,482,269,824]","[0.9976853132247924,0.946375608444214,0.9385360479354858,0.934689998626709,0.9311586022377014]","50000","0.0032391419810227653","0.0016222479718140791","0.03097345119038296","0.0017089843745827671","146.30471801757812","1","0"
"spiked-rho0.90-adaptive_elastic_net_sweep015-seed0","finished","-","","model=adaptive_elastic_net_sweep015, regularization-sweep, rho=0.90, seed=0, spiked, topk-sweep","2026-07-25T04:35:53.000Z","184","","256","cuda","253.8714141845703","232.3142852783203","12.344648361206056","0.06261799484491348","0.0033026470337063074","1.0023272037506104","1.6490353345870972","29.214345932006836","0.9296931028366088","0.8995046615600586","0","torch.float32","0.001","500","10000","806554886","0.806554886","AdaptiveElasticNetSAE","adaptive_elastic_net_sweep015","50000","0.9","0","10000","34.32341003417969","1.240203022956848","1.107223629951477","0.8927760720252991","8.514705657958984","0.07143241167068481","7.600434310532031","0.07600434310532031","91.89453125","0.9993032813072203","0.46681973338127136","0.2013145089149475","0.3792171776294708","0.956871509552002","0.26489031314849854","0.9993032813072203","0.162758469581604","0","1024","1024","0.5967867374420166","49.148681640625","0.3115786910057068","0.9958638548851012","15.72839069366455","0.7265625","1.4759271144866943","0.033962052315473557","0.001596663729287684","0.002091582864522934","0.030273806303739548","0.033962052315473557","0.24182040989398956","0.46681973338127136","40327744300000","40.3277443","[365,826,704,661,521]","[0.9731846451759338,0.9604495763778688,0.9603871703147888,0.959678053855896,0.957318902015686]","50000","0.0028023456711231604","0.0014031805422349904","0.03225806434269858","0.001464843749642372","247.3822784423828","1","0"
"spiked-rho0.90-adaptive_elastic_net_sweep014-seed0","finished","-","","model=adaptive_elastic_net_sweep014, regularization-sweep, rho=0.90, seed=0, spiked, topk-sweep","2026-07-25T04:32:51.000Z","181","","256","cuda","253.8714141845703","232.3142852783203","12.344648361206056","0.06261799484491348","0.0033026470337063074","1.0023272037506104","1.6490353345870972","29.214345932006836","0.9296931028366088","0.8995046615600586","0","torch.float32","0.001","500","10000","806554886","0.806554886","AdaptiveElasticNetSAE","adaptive_elastic_net_sweep014","50000","0.9","0","10000","86.22843170166016","25.9888916015625","2.582069158554077","0.09935279935598372","8.47645378112793","0.07049750536680222","9.152542372881356","0.09152542372881356","90.13671875","0.9967476725578308","0.3717100322246551","0.20300541818141937","0.28463321924209595","0.6905839443206787","0.21013668179512024","0.9967476725578308","0.10527444630861282","0","1024","1024","0.677644670009613","48.3573112487793","0.3680582046508789","0.9945723414421082","19.043359756469727","2.03125","0.7843416333198547","0.02968425489962101","0.0014434173936024308","0.0010883661452680826","0.027152471244335175","0.02968425489962101","0.14862361550331116","0.3717100322246551","40327744300000","40.3277443","[357,475,107,605,515]","[0.9892610907554626,0.956264853477478,0.9439328908920288,0.9438057541847228,0.9337133765220642]","50000","0.00346600459358817","0.0017361111107343508","0.015384615355029586","0.001953124999523163","151.74472045898438","1","0.001982160611078143"
"spiked-rho0.90-adaptive_elastic_net_sweep013-seed0","finished","-","","model=adaptive_elastic_net_sweep013, regularization-sweep, rho=0.90, seed=0, spiked, topk-sweep","2026-07-25T04:29:44.000Z","187","","256","cuda","253.8714141845703","232.3142852783203","12.344648361206056","0.06261799484491348","0.0033026470337063074","1.0023272037506104","1.6490353345870972","29.214345932006836","0.9296931028366088","0.8995046615600586","0","torch.float32","0.001","500","10000","806554886","0.806554886","AdaptiveElasticNetSAE","adaptive_elastic_net_sweep013","50000","0.9","0","10000","1.9899009466171265","1.3900352716445925","1.1631922721862793","0.8368077278137207","8.441569328308105","0.06990639865398407","7.505518763796909","0.07505518763796909","91.30859375","0.9986711144447328","0.32278335094451904","0.1993340104818344","0.24519681930541992","0.5461677312850952","0.18925277888774872","0.9986711144447328","0.07741522789001465","0","1024","1024","0.7365140914916992","44.61598205566406","0.39226216077804565","0.9970563650131226","10.029253959655762","0.87890625","1.2543829679489136","0.031861431896686554","0.0025301319546997547","0.0015647911932319405","0.027766510844230652","0.031861431896686554","0.0983244776725769","0.32278335094451904","40327744300000","40.3277443","[809,583,1001,658,797]","[0.9973446130752563,0.9674209356307985,0.9623721241950988,0.9623598456382751,0.9623311758041382]","50000","0.0009256129311983516","0.0004630701550212849","0.008888888849382716","0.0004882812498807906","100.5859375","1","0"
"spiked-rho0.90-adaptive_elastic_net_sweep012-seed0","finished","-","","model=adaptive_elastic_net_sweep012, regularization-sweep, rho=0.90, seed=0, spiked, topk-sweep","2026-07-25T04:26:28.000Z","195","","256","cuda","253.8714141845703","232.3142852783203","12.344648361206056","0.06261799484491348","0.0033026470337063074","1.0023272037506104","1.6490353345870972","29.214345932006836","0.9296931028366088","0.8995046615600586","0","torch.float32","0.001","500","10000","806554886","0.806554886","AdaptiveElasticNetSAE","adaptive_elastic_net_sweep012","50000","0.9","0","10000","3.9972212314605713","16.807958602905273","1.8876906633377075","0.11230933666229248","8.398045539855957","0.06915343552827835","6.441048034934497","0.06441048034934498","92.08984375","0.9984313249588012","0.3520328998565674","0.19994114339351657","0.25330883264541626","0.6653013229370117","0.2106227874755859","0.9984313249588012","0.0910353809595108","0","1024","1024","0.7070331573486328","46.45105743408203","0.41090553998947144","0.9962667226791382","15.566900253295898","1.89453125","0.814509391784668","0.028824441134929657","0.0012507818173617125","0.001047508674673736","0.026526151224970818","0.028824441134929657","0.13026121258735657","0.3520328998565674","40327744300000","40.3277443","[513,456,125,93,435]","[0.997072160243988,0.996840476989746,0.937443196773529,0.9275627136230468,0.926636278629303]","50000","0.004802255560031018","0.002407002187657111","0.022680412324370285","0.0026855468743443487","133.126953125","1","0.003921568859368563"
"spiked-rho0.90-adaptive_elastic_net_sweep011-seed0","finished","-","","model=adaptive_elastic_net_sweep011, regularization-sweep, rho=0.90, seed=0, spiked, topk-sweep","2026-07-25T04:23:07.000Z","200","","256","cuda","253.8714141845703","232.3142852783203","12.344648361206056","0.06261799484491348","0.0033026470337063074","1.0023272037506104","1.6490353345870972","29.214345932006836","0.9296931028366088","0.8995046615600586","0","torch.float32","0.001","500","10000","806554886","0.806554886","AdaptiveElasticNetSAE","adaptive_elastic_net_sweep011","50000","0.9","0","10000","156.19699096679688","84.7667236328125","1.976680874824524","0.0233190655708313","8.331206321716309","0.06809595227241516","8.725602755453501","0.08725602755453502","89.94140625","0.9984819889068604","0.4461435079574585","0.19997625052928925","0.3130616545677185","0.9905433058738708","0.281008243560791","0.9984819889068604","0.14982104301452637","0","1024","1024","0.6118751764297485","49.55956268310547","0.28061896562576294","0.9962652325630188","21.71869468688965","1.08984375","0.5121513605117798","0.036077119410037994","0.004813852719962597","0.0005556094693019986","0.03070765733718872","0.036077119410037994","0.255001962184906","0.4461435079574585","40327744300000","40.3277443","[320,935,369,532,265]","[0.9953171014785768,0.9928433895111084,0.9924972653388976,0.9922361373901368,0.9922192692756652]","50000","0.0013713091719303168","0.000686184812285868","0.01075268813350291","0.000732421874821186","260.61199951171875","1","0"
"spiked-rho0.90-adaptive_elastic_net_sweep010-seed0","finished","-","","model=adaptive_elastic_net_sweep010, regularization-sweep, rho=0.90, seed=0, spiked, topk-sweep","2026-07-25T04:19:50.000Z","196","","256","cuda","253.8714141845703","232.3142852783203","12.344648361206056","0.06261799484491348","0.0033026470337063074","1.0023272037506104","1.6490353345870972","29.214345932006836","0.9296931028366088","0.8995046615600586","0","torch.float32","0.001","500","10000","806554886","0.806554886","AdaptiveElasticNetSAE","adaptive_elastic_net_sweep010","50000","0.9","0","10000","124.79319763183594","33.379188537597656","1.941825270652771","0.05817472934722901","8.4174222946167","0.06950172781944275","8.430913348946136","0.08430913348946135","89.55078125","0.9932163953781128","0.38705775141716","0.203593447804451","0.2791118621826172","0.846329927444458","0.23217695951461792","0.9932163953781128","0.112371526658535","0","1024","1024","0.6651705503463745","48.103965759277344","0.3750116229057312","0.9965101480484008","17.6846981048584","1.32421875","0.8802275657653809","0.032583002001047134","0.003626073012128472","0.0010017106542363765","0.02795521728694439","0.032583002001047134","0.1619402915239334","0.38705775141716","40327744300000","40.3277443","[960,909,325,720,729]","[0.9922672510147096,0.9779534935951232,0.9675579071044922,0.9631097316741944,0.9630129337310792]","50000","0.0009017754049110554","0.0004511617413825486","0.005899704997346003","0.0004882812498807906","165.5029754638672","1","0"
"spiked-rho0.90-adaptive_elastic_net_sweep009-seed0","finished","-","","model=adaptive_elastic_net_sweep009, regularization-sweep, rho=0.90, seed=0, spiked, topk-sweep","2026-07-25T04:16:35.000Z","194","","256","cuda","253.8714141845703","232.3142852783203","12.344648361206056","0.06261799484491348","0.0033026470337063074","1.0023272037506104","1.6490353345870972","29.214345932006836","0.9296931028366088","0.8995046615600586","0","torch.float32","0.001","500","10000","806554886","0.806554886","AdaptiveElasticNetSAE","adaptive_elastic_net_sweep009","50000","0.9","0","10000","1.9971882104873655","1.5695925951004028","1.22166645526886","0.7783334851264954","8.456587791442871","0.07020870596170425","10.337078651685392","0.10337078651685391","88.8671875","0.9985232353210448","0.3628348708152771","0.20129266381263733","0.26232603192329407","0.6696216464042664","0.2128966897726059","0.9985232353210448","0.09599635004997252","0","1024","1024","0.6960318088531494","45.70297622680664","0.3395453095436096","0.9955703020095824","11.511624336242676","0.828125","1.0236834287643433","0.03546237573027611","0.00457029789686203","0.0010981091763824224","0.02979396842420101","0.03546237573027611","0.12953810393810272","0.3628348708152771","40327744300000","40.3277443","[323,153,736,484,52]","[0.9970493912696838,0.9790534973144532,0.9783718585968018,0.9776979684829712,0.9772257208824158]","50000","0.00046415899389020874","0.0002321801717594195","0.004716981109825561","0.00024414062494039536","132.51748657226562","1","0"
"spiked-rho0.90-adaptive_elastic_net_sweep008-seed0","finished","-","","model=adaptive_elastic_net_sweep008, regularization-sweep, rho=0.90, seed=0, spiked, topk-sweep","2026-07-25T04:13:26.000Z","188","","256","cuda","253.8714141845703","232.3142852783203","12.344648361206056","0.06261799484491348","0.0033026470337063074","1.0023272037506104","1.6490353345870972","29.214345932006836","0.9296931028366088","0.8995046615600586","0","torch.float32","0.001","500","10000","806554886","0.806554886","AdaptiveElasticNetSAE","adaptive_elastic_net_sweep008","50000","0.9","0","10000","1.9991190433502195","1.0777075290679932","1.0374006032943726","0.9625993371009828","8.473127365112305","0.07045269012451172","9","0.09","90.72265625","0.9989382028579712","0.350480854511261","0.2030691355466843","0.2533450722694397","0.6714158058166504","0.2075767368078232","0.9989382028579712","0.08703454583883286","0","1024","1024","0.713661789894104","45.40096282958984","0.3832076787948608","0.9962222576141356","11.046666145324709","0.91796875","1.295963168144226","0.03218354284763336","0.0025667937006801367","0.0015108230290934443","0.028105927631258965","0.03218354284763336","0.11928527802228928","0.350480854511261","40327744300000","40.3277443","[724,904,128,982,720]","[0.9978777766227722,0.9542851448059082,0.9540473222732544,0.952694833278656,0.9520258903503418]","50000","0.0013852587237008667","0.0006931608131485302","0.012765957392485289","0.000732421874821186","122.02883911132812","1","0"
"spiked-rho0.90-adaptive_elastic_net_sweep007-seed0","finished","-","","model=adaptive_elastic_net_sweep007, regularization-sweep, rho=0.90, seed=0, spiked, topk-sweep","2026-07-25T04:10:14.000Z","192","","256","cuda","253.8714141845703","232.3142852783203","12.344648361206056","0.06261799484491348","0.0033026470337063074","1.0023272037506104","1.6490353345870972","29.214345932006836","0.9296931028366088","0.8995046615600586","0","torch.float32","0.001","500","10000","806554886","0.806554886","AdaptiveElasticNetSAE","adaptive_elastic_net_sweep007","50000","0.9","0","10000","97.4077606201172","309.78411865234375","1.9935648441314695","0.006435335613787174","8.343029022216797","0.06845477223396301","8.172531214528945","0.08172531214528944","90.4296875","0.9995481371879578","0.45846134424209595","0.2055771052837372","0.3572636842727661","0.9837761521339417","0.26710444688796997","0.9995481371879578","0.15782508254051208","0","1024","1024","0.5992724895477295","48.7174186706543","0.3129338026046753","0.998169243335724","21.975122451782227","1.234375","0.6026229858398438","0.03632666543126106","0.002614326309412718","0.001726915710605681","0.03198542445898056","0.03632666543126106","0.26074421405792236","0.45846134424209595","40327744300000","40.3277443","[216,355,686,946,674]","[0.994242548942566,0.9937870502471924,0.993762731552124,0.9937593936920166,0.9937530755996704]","50000","0.00226641280497015","0.0011345586564251058","0.015822784760054477","0.001220703124701977","266.4805908203125","1","0"
"spiked-rho0.90-adaptive_elastic_net_sweep006-seed0","finished","-","","model=adaptive_elastic_net_sweep006, regularization-sweep, rho=0.90, seed=0, spiked, topk-sweep","2026-07-25T04:06:59.000Z","194","","256","cuda","253.8714141845703","232.3142852783203","12.344648361206056","0.06261799484491348","0.0033026470337063074","1.0023272037506104","1.6490353345870972","29.214345932006836","0.9296931028366088","0.8995046615600586","0","torch.float32","0.001","500","10000","806554886","0.806554886","AdaptiveElasticNetSAE","adaptive_elastic_net_sweep006","50000","0.9","0","10000","105.35507202148438","52.379520416259766","3.754991054534912","0.07168815284967422","8.50937271118164","0.07107827067375183","10.532407407407408","0.10532407407407408","88.76953125","0.9996496438980104","0.41217124462127686","0.2001843899488449","0.2995114326477051","0.9339157342910768","0.2516975998878479","0.9996496438980104","0.1260339915752411","0","1024","1024","0.6421305239200592","47.91286849975586","0.4075337052345276","0.9948800802230836","26.716001510620117","2.328125","0.8088468313217163","0.03209484741091728","0.0019592188764363527","0.002150624990463257","0.02798500284552574","0.03209484741091728","0.2093992531299591","0.41217124462127686","40327744300000","40.3277443","[723,1017,486,746,116]","[0.987834930419922,0.9732733964920044,0.9727364182472228,0.969497561454773,0.9692665934562684]","50000","0.0034098379101279567","0.0017079419296097476","0.0134228187694248","0.001953124999523163","213.58721923828125","1","0.0020040080416947603"
"spiked-rho0.90-adaptive_elastic_net_sweep005-seed0","finished","-","","model=adaptive_elastic_net_sweep005, regularization-sweep, rho=0.90, seed=0, spiked, topk-sweep","2026-07-25T04:03:49.000Z","190","","256","cuda","253.8714141845703","232.3142852783203","12.344648361206056","0.06261799484491348","0.0033026470337063074","1.0023272037506104","1.6490353345870972","29.214345932006836","0.9296931028366088","0.8995046615600586","0","torch.float32","0.001","500","10000","806554886","0.806554886","AdaptiveElasticNetSAE","adaptive_elastic_net_sweep005","50000","0.9","0","10000","1.998525857925415","3.0832815170288086","1.5101978778839111","0.48980212211608887","8.46557903289795","0.07028165459632874","6.131549609810479","0.06131549609810479","92.67578125","0.9995714426040648","0.39940667152404785","0.19757433235645297","0.2733560800552368","0.8452752232551575","0.24345652759075165","0.9995714426040648","0.1160942018032074","0","1024","1024","0.6632245779037476","47.53507995605469","0.3491373658180237","0.995466411113739","12.974928855895996","0.89453125","1.149151086807251","0.03397415578365326","0.002295316196978092","0.00227596634067595","0.02940287254750729","0.03397415578365326","0.16456376016139984","0.39940667152404785","40327744300000","40.3277443","[630,39,497,609,1019]","[0.9975398182868958,0.996413230895996,0.9955678582191468,0.99533873796463,0.9944210648536682]","50000","0.0009247552127980876","0.0004626416839087111","0.008733624416010374","0.0004882812498807906","168.34872436523438","1","0"
"spiked-rho0.90-adaptive_elastic_net_sweep004-seed0","finished","-","","model=adaptive_elastic_net_sweep004, regularization-sweep, rho=0.90, seed=0, spiked, topk-sweep","2026-07-25T04:00:34.000Z","195","","256","cuda","253.8714141845703","232.3142852783203","12.344648361206056","0.06261799484491348","0.0033026470337063074","1.0023272037506104","1.6490353345870972","29.214345932006836","0.9296931028366088","0.8995046615600586","0","torch.float32","0.001","500","10000","806554886","0.806554886","AdaptiveElasticNetSAE","adaptive_elastic_net_sweep004","50000","0.9","0","10000","4.965294361114502","27.977134704589844","2.7888760566711426","0.09968411922454834","8.413583755493164","0.06943781673908234","6.615214994487322","0.06615214994487321","91.6015625","0.9969964623451232","0.38193923234939575","0.1987751871347427","0.263693630695343","0.8264142870903015","0.2351035177707672","0.9969964623451232","0.10258373618125916","0","1024","1024","0.685132771730423","46.273319244384766","0.40688008069992065","0.9955061078071594","20.8182373046875","2.41796875","0.6313736438751221","0.03036743961274624","0.0015232987934723496","0.0015537998406216502","0.02729034051299095","0.03036743961274624","0.16235877573490143","0.38193923234939575","40327744300000","40.3277443","[842,869,429,694,1023]","[0.994878590106964,0.994084894657135,0.9803136587142944,0.9696263074874878,0.9607006311416626]","50000","0.004241553462962919","0.00212539851176931","0.016155088826890002","0.002441406249403954","165.768310546875","1","0.001962708542123437"
"spiked-rho0.90-adaptive_elastic_net_sweep003-seed0","finished","-","","model=adaptive_elastic_net_sweep003, regularization-sweep, rho=0.90, seed=0, spiked, topk-sweep","2026-07-25T03:57:11.000Z","202","","256","cuda","253.8714141845703","232.3142852783203","12.344648361206056","0.06261799484491348","0.0033026470337063074","1.0023272037506104","1.6490353345870972","29.214345932006836","0.9296931028366088","0.8995046615600586","0","torch.float32","0.001","500","10000","806554886","0.806554886","AdaptiveElasticNetSAE","adaptive_elastic_net_sweep003","50000","0.9","0","10000","108.73582458496094","1.0742979049682615","1.035818338394165","0.964181661605835","8.405988693237305","0.0694233626127243","8.869987849331713","0.08869987849331713","88.37890625","0.9997204542160034","0.45836564898490906","0.20246854424476624","0.32106178998947144","0.9890021681785583","0.28613802790641785","0.9997204542160034","0.1555633544921875","0","1024","1024","0.6007960140705109","47.97175216674805","0.25679659843444824","0.9949657917022704","15.595416069030762","0.671875","0.836754322052002","0.037889961153268814","0.0036186538636684418","0.001641533919610083","0.032629773020744324","0.037889961153268814","0.23774877190589905","0.45836564898490906","40327744300000","40.3277443","[124,50,8,721,68]","[0.9940001368522644,0.9924813508987428,0.9921077489852904,0.9911934733390808,0.9910393953323364]","50000","0.0018743368962137932","0.0009380863037199608","0.023255813818280152","0.0009765624997615812","243.2169952392578","1","0"
"spiked-rho0.90-adaptive_elastic_net_sweep002-seed0","finished","-","","model=adaptive_elastic_net_sweep002, regularization-sweep, rho=0.90, seed=0, spiked, topk-sweep","2026-07-25T03:54:00.000Z","190","","256","cuda","253.8714141845703","232.3142852783203","12.344648361206056","0.06261799484491348","0.0033026470337063074","1.0023272037506104","1.6490353345870972","29.214345932006836","0.9296931028366088","0.8995046615600586","0","torch.float32","0.001","500","10000","806554886","0.806554886","AdaptiveElasticNetSAE","adaptive_elastic_net_sweep002","50000","0.9","0","10000","147.48765563964844","51.68415451049805","2.7651257514953613","0.0535004548728466","8.352395057678223","0.06845636665821075","9.819121447028424","0.09819121447028424","83.69140625","0.9954678416252136","0.4600602388381958","0.2005159705877304","0.3172597289085388","0.9679399132728576","0.2860147953033447","0.9954678416252136","0.1538659930229187","0","1024","1024","0.6034168004989624","48.22150421142578","0.3463214635848999","0.9962989687919616","26.080963134765625","1.44921875","0.664922833442688","0.034218378365039825","0.003595934482291341","0.001502149854786694","0.029120296239852905","0.034218378365039825","0.2768048942089081","0.4600602388381958","40327744300000","40.3277443","[847,763,400,18,1008]","[0.9954357743263244,0.9934948682785034,0.9932827949523926,0.9927521347999572,0.992579698562622]","50000","0.004029397726293998","0.0020188425298297793","0.024258760042429217","0.002197265624463558","282.6177978515625","1","0"
"spiked-rho0.90-adaptive_elastic_net_sweep001-seed0","finished","-","","model=adaptive_elastic_net_sweep001, regularization-sweep, rho=0.90, seed=0, spiked, topk-sweep","2026-07-25T03:50:55.000Z","184","","256","cuda","253.8714141845703","232.3142852783203","12.344648361206056","0.06261799484491348","0.0033026470337063074","1.0023272037506104","1.6490353345870972","29.214345932006836","0.9296931028366088","0.8995046615600586","0","torch.float32","0.001","500","10000","806554886","0.806554886","AdaptiveElasticNetSAE","adaptive_elastic_net_sweep001","50000","0.9","0","10000","1.9988081455230713","1.2335584163665771","1.1045677661895752","0.8954320549964905","8.423354148864746","0.0695900246500969","8.16326530612245","0.08163265306122448","90.33203125","0.9988648891448976","0.30935078859329224","0.19956611096858975","0.24544113874435425","0.4860605001449585","0.1623469889163971","0.9988648891448976","0.07735395431518555","0","1024","1024","0.7368733584880829","40.93360900878906","0.3041151762008667","0.9947389364242554","9.193334579467772","0.78515625","0.8714790344238281","0.036292266100645065","0.003893766086548567","0.0016154363984242082","0.030783064663410187","0.036292266100645065","0.08261720836162567","0.30935078859329224","40327744300000","40.3277443","[160,109,943,664,496]","[0.99773108959198,0.9818103909492492,0.96628075838089,0.9654790759086608,0.964255154132843]","50000","0.0013962338436023657","0.000698649277899709","0.014925373060072772","0.000732421874821186","84.51740264892578","1","0"
"spiked-rho0.90-adaptive_elastic_net_sweep000-seed0","finished","-","","model=adaptive_elastic_net_sweep000, regularization-sweep, rho=0.90, seed=0, spiked, topk-sweep","2026-07-25T03:47:39.000Z","195","","256","cuda","253.8714141845703","232.3142852783203","12.344648361206056","0.06261799484491348","0.0033026470337063074","1.0023272037506104","1.6490353345870972","29.214345932006836","0.9296931028366088","0.8995046615600586","0","torch.float32","0.001","500","10000","806554886","0.806554886","AdaptiveElasticNetSAE","adaptive_elastic_net_sweep000","50000","0.9","0","10000","3.997738838195801","193.80642700195312","1.9897334575653076","0.010266602039337158","8.384605407714844","0.0689413845539093","7.289293849658314","0.07289293849658314","91.015625","0.9983530044555664","0.3053266704082489","0.20241498947143555","0.2542368173599243","0.44596919417381287","0.15017041563987732","0.9983530044555664","0.07478136569261551","0","1024","1024","0.7554214149713516","41.955169677734375","0.3548205494880676","0.9960841536521912","12.214930534362791","1.6796875","0.5761327743530273","0.03302564471960068","0.0032122964039444923","0.0012770370813086629","0.02853631228208542","0.03302564471960068","0.07808835059404373","0.3053266704082489","40327744300000","40.3277443","[655,390,453,458,46]","[0.9974085092544556,0.997233271598816,0.9441347718238832,0.9307773113250732,0.9148546457290648]","50000","0.0026511758176914753","0.001327433628024904","0.01395348833964305","0.001464843749642372","79.8062973022461","1","0"
"spiked-rho0.90-adaptive_lasso_sweep023-seed0","finished","-","","model=adaptive_lasso_sweep023, regularization-sweep, rho=0.90, seed=0, spiked, topk-sweep","2026-07-25T03:44:49.000Z","169","","256","cuda","253.8714141845703","232.3142852783203","12.344648361206056","0.06261799484491348","0.0033026470337063074","1.0023272037506104","1.6490353345870972","29.214345932006836","0.9296931028366088","0.8995046615600586","0","torch.float32","0.001","500","10000","806030595","0.806030595","AdaptiveLassoSAE","adaptive_lasso_sweep023","50000","0.9","0","10000","7.183902740478516","1.027692198753357","1.0136569738388062","0.9863429665565492","9.476819038391112","0.08953633904457092","4.23572744014733","0.0423572744014733","87.3046875","0.9990159869194032","0.26307129859924316","0.20215319097042084","0.23843184113502505","0.3252948820590973","0.09311289340257645","0.9990159869194032","0.05742022022604942","0","1024","1024","0.770334780216217","45.31521987915039","0.3800906538963318","0.9953723549842834","6.547893047332764","0.98828125","4.320693492889404","0.02712235040962696","0.000455936387879774","","0.026666413992643356","0.02712235040962696","0.04194194823503494","0.26307129859924316","40301529750000","40.30152975","[42,43,914,915,867]","[0.9547207355499268,0.9530906081199646,0.8658748865127563,0.7851579785346985,0.7092456221580505]","50000","0.003678897089681948","0.001842893342123268","0.03162055323470137","0.001953124999523163","42.86466979980469","1","0"
"spiked-rho0.90-adaptive_lasso_sweep022-seed0","finished","-","","model=adaptive_lasso_sweep022, regularization-sweep, rho=0.90, seed=0, spiked, topk-sweep","2026-07-25T03:41:55.000Z","173","","256","cuda","253.8714141845703","232.3142852783203","12.344648361206056","0.06261799484491348","0.0033026470337063074","1.0023272037506104","1.6490353345870972","29.214345932006836","0.9296931028366088","0.8995046615600586","0","torch.float32","0.001","500","10000","806030595","0.806030595","AdaptiveLassoSAE","adaptive_lasso_sweep022","50000","0.9","0","10000","8.32210922241211","1.0760260820388794","1.0419925451278689","0.968371033668518","9.614818572998049","0.09237084537744522","3.0131826741996233","0.030131826741996232","54.98046875","0.994572937488556","0.23386532068252563","0.19666549563407895","0.22636249661445615","0.2715036869049072","0.053849902004003525","0.994572937488556","0.05208702012896538","0","1024","1024","0.7883752584457397","42.051856994628906","0.4184260368347168","0.9964903593063354","5.158770561218262","2.83203125","1.9593021869659424","0.02601351961493492","0.0003749745665118098","","0.02563854493200779","0.02601351961493492","0.026099001988768578","0.23386532068252563","40301529750000","40.30152975","[333,250,581,311,443]","[0.989273488521576,0.4138103425502777,0.39748865365982056,0.28470736742019653,0.2818576395511627]","50000","0.0074670748980793745","0.00374765771314852","0.024827586172651607","0.004394531248927116","26.59488296508789","1","0.0009832842042669654"
"spiked-rho0.90-adaptive_lasso_sweep021-seed0","finished","-","","model=adaptive_lasso_sweep021, regularization-sweep, rho=0.90, seed=0, spiked, topk-sweep","2026-07-25T03:39:06.000Z","168","","256","cuda","253.8714141845703","232.3142852783203","12.344648361206056","0.06261799484491348","0.0033026470337063074","1.0023272037506104","1.6490353345870972","29.214345932006836","0.9296931028366088","0.8995046615600586","0","torch.float32","0.001","500","10000","806030595","0.806030595","AdaptiveLassoSAE","adaptive_lasso_sweep021","50000","0.9","0","10000","1.001025915145874","2736.748779296875","2.5658576488494873","0.0009375568479299544","9.606201171875","0.0922122448682785","3.653444676409186","0.03653444676409186","95.21484375","0.9993953108787536","0.2792956531047821","0.19977742433547976","0.23437722027301788","0.4111144542694092","0.12431293725967409","0.9993953108787536","0.05651405081152916","0","1024","1024","0.7723722606897354","43.95643997192383","0.39678484201431274","0.9953939914703368","6.560779094696045","0.9921875","4.539336204528809","0.026881149038672447","0.00045417185174301267","","0.026426976546645164","0.026881149038672447","0.04207606986165047","0.2792956531047821","40301529750000","40.30152975","[744,192,852,36,247]","[0.951434850692749,0.9507312774658204,0.854219913482666,0.8196836113929749,0.7827225923538208]","50000","0.0009194302799730896","0.000459981600630179","0.007874015717031434","0.0004882812498807906","43.043819427490234","1","0"
"spiked-rho0.90-adaptive_lasso_sweep020-seed0","finished","-","","model=adaptive_lasso_sweep020, regularization-sweep, rho=0.90, seed=0, spiked, topk-sweep","2026-07-25T03:36:17.000Z","168","","256","cuda","253.8714141845703","232.3142852783203","12.344648361206056","0.06261799484491348","0.0033026470337063074","1.0023272037506104","1.6490353345870972","29.214345932006836","0.9296931028366088","0.8995046615600586","0","torch.float32","0.001","500","10000","806030595","0.806030595","AdaptiveLassoSAE","adaptive_lasso_sweep020","50000","0.9","0","10000","1.000156283378601","1.018116116523743","1.0089768171310425","0.9910233616828918","10.023774147033691","0.10094421356916428","5.476190476190476","0.05476190476190476","93.359375","0.9708435535430908","0.25521284341812134","0.1976788192987442","0.2295011430978775","0.33009299635887146","0.08819091320037842","0.9708435535430908","0.05528910830616951","0","1024","1024","0.8015643358230591","45.703556060791016","0.4514308571815491","0.995630383491516","5.57663631439209","0.96875","5.4136528968811035","0.02664765529334545","0.00010954756726277992","","0.02653810754418373","0.02664765529334545","0.030399680137634277","0.25521284341812134","40301529750000","40.30152975","[653,647,915,573,596]","[0.9425369501113892,0.8643091917037964,0.7866727113723755,0.7505785226821899,0.5978283286094666]","50000","0.0018415129697084","0.0009216589859627512","0.016129032193028095","0.0009765624997615812","31.098873138427734","1","0.0009775171056389809"
"spiked-rho0.90-adaptive_lasso_sweep019-seed0","finished","-","","model=adaptive_lasso_sweep019, regularization-sweep, rho=0.90, seed=0, spiked, topk-sweep","2026-07-25T03:33:42.000Z","154","","256","cuda","253.8714141845703","232.3142852783203","12.344648361206056","0.06261799484491348","0.0033026470337063074","1.0023272037506104","1.6490353345870972","29.214345932006836","0.9296931028366088","0.8995046615600586","0","torch.float32","0.001","500","10000","806030595","0.806030595","AdaptiveLassoSAE","adaptive_lasso_sweep019","50000","0.9","0","10000","47.53528594970703","2.004401922225952","1.3306854963302612","0.6638815402984619","8.373320579528809","0.06902322173118591","11.252653927813164","0.11252653927813164","49.90234375","0.999302625656128","0.22517535090446472","0.1925678253173828","0.21680259704589844","0.2548438608646393","0.05385122448205948","0.999302625656128","0.05096748471260071","0","1024","1024","0.7751146554946899","41.23650360107422","0.5235681533813477","0.996489405632019","7.1412434577941895","4.88671875","0.5652814507484436","0.026176851242780685","0.00402784813195467","","0.02214900404214859","0.026176851242780685","0.05043809115886688","0.22517535090446472","40301529750000","40.30152975","[681,189,631,455,702]","[0.998681902885437,0.5844559073448181,0.5085016489028931,0.3001004457473755,0.29830873012542725]","50000","0.33738509121051347","0.20292463437504507","0.7210231808784786","0.2202148436962366","51.09378433227539","1","0"
"spiked-rho0.90-adaptive_lasso_sweep018-seed0","finished","-","","model=adaptive_lasso_sweep018, regularization-sweep, rho=0.90, seed=0, spiked, topk-sweep","2026-07-25T03:30:56.000Z","165","","256","cuda","253.8714141845703","232.3142852783203","12.344648361206056","0.06261799484491348","0.0033026470337063074","1.0023272037506104","1.6490353345870972","29.214345932006836","0.9296931028366088","0.8995046615600586","0","torch.float32","0.001","500","10000","806030595","0.806030595","AdaptiveLassoSAE","adaptive_lasso_sweep018","50000","0.9","0","10000","66.9393310546875","3.215830564498902","1.5773342847824097","0.49049046635627747","8.118852615356445","0.06498640030622482","14.346895074946469","0.14346895074946467","51.46484375","0.9993810653686525","0.22203531861305237","0.192407950758934","0.2144559919834137","0.250647634267807","0.049612272530794144","0.9993810653686525","0.05028392747044563","0","1024","1024","0.7885856032371521","41.37666320800781","0.6450387239456177","0.996347427368164","10.995006561279297","17.0859375","0.2820535898208618","0.02241501770913601","0.005930428858846426","","0.016484588384628296","0.02241501770913601","0.12125635892152786","0.22203531861305237","40301529750000","40.30152975","[602,558,675,313,190]","[0.9990009665489196,0.44420963525772095,0.4171209335327149,0.3878730237483978,0.33118951320648193]","50000","0.3447456633859334","0.20827389440680827","0.3337905806278485","0.35644531241297717","120.52882385253906","1","0"
"spiked-rho0.90-adaptive_lasso_sweep017-seed0","finished","-","","model=adaptive_lasso_sweep017, regularization-sweep, rho=0.90, seed=0, spiked, topk-sweep","2026-07-25T03:28:07.000Z","169","","256","cuda","253.8714141845703","232.3142852783203","12.344648361206056","0.06261799484491348","0.0033026470337063074","1.0023272037506104","1.6490353345870972","29.214345932006836","0.9296931028366088","0.8995046615600586","0","torch.float32","0.001","500","10000","806030595","0.806030595","AdaptiveLassoSAE","adaptive_lasso_sweep017","50000","0.9","0","10000","1.998916506767273","1.9110068082809448","1.3129522800445557","0.6870474219322205","8.629118919372559","0.07307896018028259","5.491990846681922","0.05491990846681922","93.359375","0.9992470145225524","0.2396434545516968","0.1960877925157547","0.2229510247707367","0.28041309118270874","0.06664010882377625","0.9992470145225524","0.051703184843063354","0","1024","1024","0.7888454794883728","41.13801956176758","0.434716522693634","0.995315432548523","3.483765125274658","0.98046875","1.781033992767334","0.027612874284386635","0.0007971533923409879","","0.02681572176516056","0.027612874284386635","0.011863753199577332","0.2396434545516968","40301529750000","40.30152975","[701,470,410,341,781]","[0.9984949827194214,0.4611661732196808,0.3313206136226654,0.23220029473304749,0.2106797397136688]","50000","0.001380153443867652","0.0006906077346476501","0.01195219118744147","0.000732421874821186","12.136619567871094","1","0"
"spiked-rho0.90-adaptive_lasso_sweep016-seed0","finished","-","","model=adaptive_lasso_sweep016, regularization-sweep, rho=0.90, seed=0, spiked, topk-sweep","2026-07-25T03:25:10.000Z","176","","256","cuda","253.8714141845703","232.3142852783203","12.344648361206056","0.06261799484491348","0.0033026470337063074","1.0023272037506104","1.6490353345870972","29.214345932006836","0.9296931028366088","0.8995046615600586","0","torch.float32","0.001","500","10000","806030595","0.806030595","AdaptiveLassoSAE","adaptive_lasso_sweep016","50000","0.9","0","10000","5.663968086242676","1.246675729751587","1.1299556493759155","0.9063749313354492","8.566511154174805","0.07209145277738571","7.79816513761468","0.0779816513761468","89.55078125","0.9992470741271972","0.2315637171268463","0.19446785748004913","0.22130918502807617","0.2652846872806549","0.05787796899676323","0.9992470741271972","0.05150124430656433","0","1024","1024","0.7966469526290894","41.640865325927734","0.4976860284805298","0.9963523149490356","8.580053329467773","7.99609375","0.4096498191356659","0.025783808901906013","0.0015944415936246514","","0.02418936789035797","0.025783808901906013","0.07302805036306381","0.2315637171268463","40301529750000","40.30152975","[342,945,402,949,557]","[0.9985653162002563,0.3997974097728729,0.368018090724945,0.3631908595561981,0.35008108615875244]","50000","0.020185132710742057","0.010195691496432216","0.030288226658383863","0.015136718746304512","73.75833129882812","1","0"
"spiked-rho0.90-adaptive_lasso_sweep015-seed0","finished","-","","model=adaptive_lasso_sweep015, regularization-sweep, rho=0.90, seed=0, spiked, topk-sweep","2026-07-25T03:22:19.000Z","170","","256","cuda","253.8714141845703","232.3142852783203","12.344648361206056","0.06261799484491348","0.0033026470337063074","1.0023272037506104","1.6490353345870972","29.214345932006836","0.9296931028366088","0.8995046615600586","0","torch.float32","0.001","500","10000","806030595","0.806030595","AdaptiveLassoSAE","adaptive_lasso_sweep015","50000","0.9","0","10000","10.1287202835083","1.0684126615524292","1.0330748558044434","0.9669249057769777","9.035760879516602","0.08140482008457184","3.556485355648536","0.03556485355648536","95.703125","0.9921069741249084","0.3724004924297333","0.20518623292446136","0.27914339303970337","0.712086021900177","0.20819595456123352","0.9921069741249084","0.10232660919427872","0","1024","1024","0.6846322417259216","48.19536590576172","0.4156065583229065","0.996276080608368","11.916372299194336","0.921875","3.187584161758423","0.028612015768885612","0.0016534109599888325","","0.026958605274558067","0.028612015768885612","0.13880737125873566","0.3724004924297333","40301529750000","40.30152975","[575,860,552,442,413]","[0.9640468955039978,0.956384539604187,0.9378313422203064,0.9364569187164308,0.9361380934715272]","50000","0.0013849385374374826","0.0006930006928406096","0.012711864352915828","0.000732421874821186","141.99993896484375","1","0"
"spiked-rho0.90-adaptive_lasso_sweep014-seed0","finished","-","","model=adaptive_lasso_sweep014, regularization-sweep, rho=0.90, seed=0, spiked, topk-sweep","2026-07-25T03:19:29.000Z","169","","256","cuda","253.8714141845703","232.3142852783203","12.344648361206056","0.06261799484491348","0.0033026470337063074","1.0023272037506104","1.6490353345870972","29.214345932006836","0.9296931028366088","0.8995046615600586","0","torch.float32","0.001","500","10000","806030595","0.806030595","AdaptiveLassoSAE","adaptive_lasso_sweep014","50000","0.9","0","10000","7.248117446899414","1.1409178972244265","1.0658212900161743","0.9341788291931152","9.60955047607422","0.09247389435768127","1.524390243902439","0.01524390243902439","97.94921875","0.9950959086418152","0.30389413237571716","0.2029842585325241","0.25673621892929077","0.44627416133880615","0.14945317804813385","0.9950959086418152","0.07058754563331604","0","1024","1024","0.7613895237445831","45.901100158691406","0.42361074686050415","0.995421588420868","8.627908706665039","0.984375","4.5729875564575195","0.027352137491106987","0.0004948627902194858","","0.02685727551579475","0.027352137491106987","0.07276714593172073","0.30389413237571716","40301529750000","40.30152975","[488,489,938,741,51]","[0.9323635697364808,0.9302992224693298,0.9288235902786256,0.921316623687744,0.920897662639618]","50000","0.004139725210421714","0.0020742106471366185","0.03571428557256236","0.002197265624463558","74.44078826904297","1","0.0009794319048523905"
"spiked-rho0.90-adaptive_lasso_sweep013-seed0","finished","-","","model=adaptive_lasso_sweep013, regularization-sweep, rho=0.90, seed=0, spiked, topk-sweep","2026-07-25T03:16:39.000Z","169","","256","cuda","253.8714141845703","232.3142852783203","12.344648361206056","0.06261799484491348","0.0033026470337063074","1.0023272037506104","1.6490353345870972","29.214345932006836","0.9296931028366088","0.8995046615600586","0","torch.float32","0.001","500","10000","806030595","0.806030595","AdaptiveLassoSAE","adaptive_lasso_sweep013","50000","0.9","0","10000","1.000002384185791","1.0248583555221558","1.012276530265808","0.9877233505249025","9.108421325683594","0.08267822861671448","2.7777777777777777","0.027777777777777776","96.6796875","0.9939759969711304","0.3427446782588959","0.20138220489025116","0.25331056118011475","0.6800942420959473","0.205318421125412","0.9939759969711304","0.0850527435541153","0","1024","1024","0.7229311466217041","46.41767883300781","0.4245980978012085","0.9964510798454284","10.843439102172852","0.88671875","3.363054037094116","0.028754061087965965","0.0016815724084153771","","0.027072489261627197","0.028754061087965965","0.11493661999702454","0.3427446782588959","40301529750000","40.30152975","[668,739,836,464,808]","[0.9624696373939514,0.9432803392410278,0.9425500631332396,0.937896490097046,0.9370412826538086]","50000","0.002775750601279047","0.001389854065001192","0.026431717945234724","0.001464843749642372","117.58016204833984","1","0"
"spiked-rho0.90-adaptive_lasso_sweep012-seed0","finished","-","","model=adaptive_lasso_sweep012, regularization-sweep, rho=0.90, seed=0, spiked, topk-sweep","2026-07-25T03:13:49.000Z","169","","256","cuda","253.8714141845703","232.3142852783203","12.344648361206056","0.06261799484491348","0.0033026470337063074","1.0023272037506104","1.6490353345870972","29.214345932006836","0.9296931028366088","0.8995046615600586","0","torch.float32","0.001","500","10000","806030595","0.806030595","AdaptiveLassoSAE","adaptive_lasso_sweep012","50000","0.9","0","10000","1.0000072717666626","1.477999567985535","1.1928972005844116","0.8071025609970093","9.666069984436035","0.09332597255706788","5.674518201284797","0.05674518201284797","93.84765625","0.993952751159668","0.3141944408416748","0.1994752287864685","0.25486814975738525","0.48415154218673706","0.16830120980739594","0.993952751159668","0.07392992079257965","0","1024","1024","0.751710519194603","45.7219123840332","0.40399718284606934","0.9958913922309875","9.244088172912598","0.984375","4.672214984893799","0.02709045447409153","0.0004581104149110615","","0.026632344350218773","0.02709045447409153","0.0835319384932518","0.3141944408416748","40301529750000","40.30152975","[516,12,919,398,582]","[0.9879418611526488,0.9529308080673218,0.9454938769340516,0.9351974725723268,0.9330414533615112]","50000","0.0022997988106282456","0.001151277918224435","0.019841269762534645","0.001220703124701977","85.45317077636719","1","0.0009775171056389809"
"spiked-rho0.90-adaptive_lasso_sweep011-seed0","finished","-","","model=adaptive_lasso_sweep011, regularization-sweep, rho=0.90, seed=0, spiked, topk-sweep","2026-07-25T03:10:58.000Z","171","","256","cuda","253.8714141845703","232.3142852783203","12.344648361206056","0.06261799484491348","0.0033026470337063074","1.0023272037506104","1.6490353345870972","29.214345932006836","0.9296931028366088","0.8995046615600586","0","torch.float32","0.001","500","10000","806030595","0.806030595","AdaptiveLassoSAE","adaptive_lasso_sweep011","50000","0.9","0","10000","32.5507698059082","1.3951704502105713","1.1649863719940186","0.8350136280059814","8.620748519897461","0.0733669102191925","8.305274971941639","0.08305274971941638","90.8203125","0.9976579546928406","0.2978227734565735","0.202279269695282","0.26094356179237366","0.39997735619544983","0.14097552001476288","0.9976579546928406","0.06900875270366669","0","1024","1024","0.7796566933393478","45.479244232177734","0.4115217924118042","0.9962063431739808","7.818466186523437","0.86328125","1.7315735816955566","0.031237659975886345","0.0036615990102291103","","0.02757606096565723","0.031237659975886345","0.05975406616926193","0.2978227734565735","40301529750000","40.30152975","[519,505,137,179,265]","[0.9842116832733154,0.9730803370475768,0.962139904499054,0.9611844420433044,0.9566673636436462]","50000","0.0032428956760161883","0.001624129930017603","0.03167420800147417","0.0017089843745827671","61.12841033935547","1","0"
"spiked-rho0.90-adaptive_lasso_sweep010-seed0","finished","-","","model=adaptive_lasso_sweep010, regularization-sweep, rho=0.90, seed=0, spiked, topk-sweep","2026-07-25T03:08:11.000Z","166","","256","cuda","253.8714141845703","232.3142852783203","12.344648361206056","0.06261799484491348","0.0033026470337063074","1.0023272037506104","1.6490353345870972","29.214345932006836","0.9296931028366088","0.8995046615600586","0","torch.float32","0.001","500","10000","806030595","0.806030595","AdaptiveLassoSAE","adaptive_lasso_sweep010","50000","0.9","0","10000","32.60664749145508","1.0446019172668457","1.021814465522766","0.9781854748725892","8.654589653015137","0.07386025786399841","8.02675585284281","0.0802675585284281","89.94140625","0.9967976212501526","0.2687777876853943","0.19780193269252777","0.23118650913238523","0.3498280346393585","0.12791934609413147","0.9967976212501526","0.05943175032734871","0","1024","1024","0.8012232184410095","44.906341552734375","0.42779070138931274","0.996001958847046","7.010913372039795","0.9453125","1.873718500137329","0.0288577601313591","0.00194744358304888","","0.026910316199064255","0.0288577601313591","0.048047807067632675","0.2687777876853943","40301529750000","40.30152975","[316,824,755,416,281]","[0.9936056733131408,0.97450590133667,0.944281816482544,0.9304466247558594,0.9294167160987854]","50000","0.00046093663069105895","0.0002305741295294964","0.004132231387883341","0.00024414062494039536","49.15290832519531","1","0"
"spiked-rho0.90-adaptive_lasso_sweep009-seed0","finished","-","","model=adaptive_lasso_sweep009, regularization-sweep, rho=0.90, seed=0, spiked, topk-sweep","2026-07-25T03:05:29.000Z","162","","256","cuda","253.8714141845703","232.3142852783203","12.344648361206056","0.06261799484491348","0.0033026470337063074","1.0023272037506104","1.6490353345870972","29.214345932006836","0.9296931028366088","0.8995046615600586","0","torch.float32","0.001","500","10000","806030595","0.806030595","AdaptiveLassoSAE","adaptive_lasso_sweep009","50000","0.9","0","10000","1.984822392463684","1.0918171405792236","1.0438934564590454","0.9561065435409546","8.52013111114502","0.07129068672657013","6.666666666666667","0.06666666666666667","92.578125","0.9986422657966614","0.288688600063324","0.1998053938150406","0.23843759298324585","0.4027059078216553","0.1509138196706772","0.9986422657966614","0.06524543464183807","0","1024","1024","0.7819881290197372","45.10084533691406","0.3821383118629456","0.995498538017273","8.102522850036621","0.890625","1.3575074672698977","0.030176028609275814","0.0030271518044173717","","0.02714887633919716","0.030176028609275814","0.06417486071586609","0.288688600063324","40301529750000","40.30152975","[342,590,934,119,400]","[0.9972867369651794,0.995006263256073,0.96360582113266,0.95728600025177,0.955394446849823]","50000","0.0018500388677204892","0.0009259259257115912","0.017543859572176055","0.0009765624997615812","65.65087890625","1","0"
"spiked-rho0.90-adaptive_lasso_sweep008-seed0","finished","-","","model=adaptive_lasso_sweep008, regularization-sweep, rho=0.90, seed=0, spiked, topk-sweep","2026-07-25T03:02:40.000Z","169","","256","cuda","253.8714141845703","232.3142852783203","12.344648361206056","0.06261799484491348","0.0033026470337063074","1.0023272037506104","1.6490353345870972","29.214345932006836","0.9296931028366088","0.8995046615600586","0","torch.float32","0.001","500","10000","806030595","0.806030595","AdaptiveLassoSAE","adaptive_lasso_sweep008","50000","0.9","0","10000","1.999416708946228","1.1511003971099854","1.0702433586120603","0.9297567009925842","8.596685409545898","0.07262825965881348","7.1348940914158305","0.0713489409141583","91.30859375","0.9990914463996888","0.24770759046077728","0.19700223207473755","0.2227033972740173","0.2908719778060913","0.1025904417037964","0.9990914463996888","0.055125847458839417","0","1024","1024","0.8190216422080994","42.828125","0.4565372467041016","0.9958717226982116","5.964529514312744","0.9375","1.8289543390274048","0.028620896860957146","0.0018114234553650024","","0.02680947259068489","0.028620896860957146","0.03477577120065689","0.24770759046077728","40301529750000","40.30152975","[17,429,114,633,300]","[0.9981842041015624,0.9531896114349364,0.9387394189834596,0.9184263944625854,0.8883708715438843]","50000","0.002306168492668509","0.00115446779008209","0.02083333324652778","0.001220703124701977","35.57561492919922","1","0"
"spiked-rho0.90-adaptive_lasso_sweep007-seed0","finished","-","","model=adaptive_lasso_sweep007, regularization-sweep, rho=0.90, seed=0, spiked, topk-sweep","2026-07-25T02:59:44.000Z","175","","256","cuda","253.8714141845703","232.3142852783203","12.344648361206056","0.06261799484491348","0.0033026470337063074","1.0023272037506104","1.6490353345870972","29.214345932006836","0.9296931028366088","0.8995046615600586","0","torch.float32","0.001","500","10000","806030595","0.806030595","AdaptiveLassoSAE","adaptive_lasso_sweep007","50000","0.9","0","10000","13.484870910644531","14.606735229492188","1.8718502521514893","0.12814980745315552","8.81564998626709","0.07731671631336212","3.3264033264033266","0.033264033264033266","96.19140625","0.998297929763794","0.521231472492218","0.19969984889030457","0.4238507151603699","0.9910964369773864","0.29811742901802063","0.998297929763794","0.21576885879039764","0","1024","1024","0.540525496006012","51.088623046875","0.4067091345787048","0.9965977668762208","17.643016815185547","0.85546875","2.537864446640014","0.030592504888772964","0.0026229398790746927","","0.027969565242528915","0.030592504888772964","0.3042776584625244","0.521231472492218","40301529750000","40.30152975","[270,731,298,790,975]","[0.9391182065010072,0.9388349652290344,0.9348898530006408,0.9328768253326416,0.9306915998458862]","50000","0.0013904019133075091","0.0006957328384286333","0.013698630074435478","0.000732421874821186","311.2760314941406","1","0"
"spiked-rho0.90-adaptive_lasso_sweep006-seed0","finished","-","","model=adaptive_lasso_sweep006, regularization-sweep, rho=0.90, seed=0, spiked, topk-sweep","2026-07-25T02:56:50.000Z","173","","256","cuda","253.8714141845703","232.3142852783203","12.344648361206056","0.06261799484491348","0.0033026470337063074","1.0023272037506104","1.6490353345870972","29.214345932006836","0.9296931028366088","0.8995046615600586","0","torch.float32","0.001","500","10000","806030595","0.806030595","AdaptiveLassoSAE","adaptive_lasso_sweep006","50000","0.9","0","10000","8.037200927734375","575.6852416992188","1.9965318441390991","0.0034680962562561035","9.340526580810549","0.08723911643028259","1.9191919191919191","0.01919191919191919","97.36328125","0.9972900748252868","0.4832845628261566","0.19576707482337952","0.3653416037559509","0.990728199481964","0.29057857394218445","0.9972900748252868","0.18277928233146667","0","1024","1024","0.5696033835411072","51.24708938598633","0.4308645129203797","0.9960917234420776","16.576797485351562","0.96484375","3.963988780975342","0.027714639902114868","0.0008556808461435139","","0.02685895934700966","0.027714639902114868","0.2686121463775635","0.4832845628261566","40301529750000","40.30152975","[361,782,22,213,138]","[0.9319323301315308,0.9192028641700744,0.9168900847434998,0.9162836074829102,0.909887433052063]","50000","0.0013814262327276597","0.0006912442394720635","0.01214574893868118","0.000732421874821186","274.79022216796875","1","0.000978473573923111"
"spiked-rho0.90-adaptive_lasso_sweep005-seed0","finished","-","","model=adaptive_lasso_sweep005, regularization-sweep, rho=0.90, seed=0, spiked, topk-sweep","2026-07-25T02:53:50.000Z","179","","256","cuda","253.8714141845703","232.3142852783203","12.344648361206056","0.06261799484491348","0.0033026470337063074","1.0023272037506104","1.6490353345870972","29.214345932006836","0.9296931028366088","0.8995046615600586","0","torch.float32","0.001","500","10000","806030595","0.806030595","AdaptiveLassoSAE","adaptive_lasso_sweep005","50000","0.9","0","10000","1.0000240802764893","1.1356420516967771","1.0635135173797607","0.936486542224884","8.852030754089355","0.07775409519672394","5.031446540880504","0.050314465408805034","94.7265625","0.9969399571418762","0.4538372755050659","0.19868212938308716","0.3630334734916687","0.8834956884384155","0.25863325595855713","0.9969399571418762","0.1585553139448166","0","1024","1024","0.6016010046005249","49.73193359375","0.3835000991821289","0.9957928657531738","15.158831596374512","0.875","2.639921188354492","0.02976394258439541","0.00264001009054482","","0.027123931795358654","0.02976394258439541","0.22462384402751925","0.4538372755050659","40301529750000","40.30152975","[77,660,502,968,652]","[0.9522483348846436,0.9509619474411012,0.9242581129074096,0.9221804141998292,0.921080768108368]","50000","0.001388790568731426","0.000694927032500596","0.013392857083067602","0.000732421874821186","229.79019165039065","1","0"
"spiked-rho0.90-adaptive_lasso_sweep004-seed0","finished","-","","model=adaptive_lasso_sweep004, regularization-sweep, rho=0.90, seed=0, spiked, topk-sweep","2026-07-25T02:50:58.000Z","172","","256","cuda","253.8714141845703","232.3142852783203","12.344648361206056","0.06261799484491348","0.0033026470337063074","1.0023272037506104","1.6490353345870972","29.214345932006836","0.9296931028366088","0.8995046615600586","0","torch.float32","0.001","500","10000","806030595","0.806030595","AdaptiveLassoSAE","adaptive_lasso_sweep004","50000","0.9","0","10000","1.000006079673767","1.1407638788223269","1.0657540559768677","0.9342459440231324","9.508216857910156","0.09035703539848328","4.62046204620462","0.0462046204620462","95.01953125","0.9933913350105286","0.3543159067630768","0.20030929148197177","0.26910024881362915","0.6222230195999146","0.20972001552581787","0.9933913350105286","0.09110034257173538","0","1024","1024","0.7043278217315674","46.17875289916992","0.4155262708663941","0.99600487947464","11.301274299621582","0.96484375","4.253307819366455","0.02771123498678207","0.0008340833010151982","","0.0268771518021822","0.02771123498678207","0.12484733015298843","0.3543159067630768","40301529750000","40.30152975","[508,519,95,111,488]","[0.97764652967453,0.9144771695137024,0.9054161906242372,0.8976651430130005,0.8951709866523743]","50000","0.002762959730114283","0.0013834447771769783","0.02429149787736236","0.001464843749642372","127.71881866455078","1","0.0009775171056389809"
"spiked-rho0.90-adaptive_lasso_sweep003-seed0","finished","-","","model=adaptive_lasso_sweep003, regularization-sweep, rho=0.90, seed=0, spiked, topk-sweep","2026-07-25T02:48:04.000Z","174","","256","cuda","253.8714141845703","232.3142852783203","12.344648361206056","0.06261799484491348","0.0033026470337063074","1.0023272037506104","1.6490353345870972","29.214345932006836","0.9296931028366088","0.8995046615600586","0","torch.float32","0.001","500","10000","806030595","0.806030595","AdaptiveLassoSAE","adaptive_lasso_sweep003","50000","0.9","0","10000","83.19114685058594","3.3799943923950195","1.5433783531188965","0.45662158727645874","8.443517684936523","0.07003425061702728","7.246376811594203","0.07246376811594203","91.30859375","0.998513400554657","0.3847550451755524","0.19954392313957217","0.261457622051239","0.9547445774078368","0.25231531262397766","0.998513400554657","0.10599358379840852","0","1024","1024","0.673970103263855","46.290138244628906","0.3528871536254883","0.9963061213493348","12.983831405639648","0.73828125","1.1467301845550537","0.033601291477680206","0.005337581038475037","","0.02826371230185032","0.033601291477680206","0.16478972136974335","0.3847550451755524","40301529750000","40.30152975","[255,48,58,65,273]","[0.990986704826355,0.9886522889137268,0.9873999357223512,0.9873112440109252,0.9832736849784852]","50000","0.0018668935087892873","0.0009343611303587102","0.021164021052042216","0.0009765624997615812","168.5798797607422","1","0"
"spiked-rho0.90-adaptive_lasso_sweep002-seed0","finished","-","","model=adaptive_lasso_sweep002, regularization-sweep, rho=0.90, seed=0, spiked, topk-sweep","2026-07-25T02:45:05.000Z","179","","256","cuda","253.8714141845703","232.3142852783203","12.344648361206056","0.06261799484491348","0.0033026470337063074","1.0023272037506104","1.6490353345870972","29.214345932006836","0.9296931028366088","0.8995046615600586","0","torch.float32","0.001","500","10000","806030595","0.806030595","AdaptiveLassoSAE","adaptive_lasso_sweep002","50000","0.9","0","10000","54.30508804321289","1.9682612419128416","1.3262046575546265","0.6737950444221497","8.538043975830078","0.0717051774263382","6.181015452538632","0.06181015452538632","92.578125","0.9967522621154784","0.4299015402793884","0.2000878304243088","0.27879366278648376","0.9909281730651855","0.28353938460350037","0.9967522621154784","0.13379967212677002","0","1024","1024","0.6320293843746185","48.80289077758789","0.4001590609550476","0.9956095814704896","14.918553352355955","0.92578125","1.539292573928833","0.030532293021678925","0.003383709816262126","","0.02714858390390873","0.030532293021678925","0.2175593674182892","0.4299015402793884","40301529750000","40.30152975","[773,6,778,699,869]","[0.9935140013694764,0.9595482349395752,0.9560191035270692,0.952563226222992,0.951439380645752]","50000","0.00369248832940438","0.0018497109822312803","0.03375527411917606","0.001953124999523163","222.563232421875","1","0"
"spiked-rho0.90-adaptive_lasso_sweep001-seed0","finished","-","","model=adaptive_lasso_sweep001, regularization-sweep, rho=0.90, seed=0, spiked, topk-sweep","2026-07-25T02:42:43.000Z","142","","256","cuda","253.8714141845703","232.3142852783203","12.344648361206056","0.06261799484491348","0.0033026470337063074","1.0023272037506104","1.6490353345870972","29.214345932006836","0.9296931028366088","0.8995046615600586","0","torch.float32","0.001","500","10000","806030595","0.806030595","AdaptiveLassoSAE","adaptive_lasso_sweep001","50000","0.9","0","10000","1.8432754278182983","1.6134785413742063","1.234736442565918","0.7652636170387268","8.524606704711914","0.0713832899928093","8.04851157662624","0.0804851157662624","91.11328125","0.9969242811203004","0.33480310440063477","0.19835270941257477","0.2564329504966736","0.5543714165687561","0.19660383462905884","0.9969242811203004","0.08382613211870193","0","1024","1024","0.7274633646011353","43.18777847290039","0.3607531189918518","0.9942894577980042","10.442303657531738","0.796875","1.23878812789917","0.034178875386714935","0.005385920871049166","","0.028792954981327057","0.034178875386714935","0.1065901145339012","0.33480310440063477","40301529750000","40.30152975","[711,979,925,526,816]","[0.9938581585884094,0.9677533507347108,0.960975706577301,0.9597588777542114,0.9596771597862244]","50000","0.0009301421842265776","0.0004653327127814488","0.009803921520569012","0.0004882812498807906","109.04168701171876","1","0"
"spiked-rho0.90-adaptive_lasso_sweep000-seed0","finished","-","","model=adaptive_lasso_sweep000, regularization-sweep, rho=0.90, seed=0, spiked, topk-sweep","2026-07-25T02:40:00.000Z","163","","256","cuda","253.8714141845703","232.3142852783203","12.344648361206056","0.06261799484491348","0.0033026470337063074","1.0023272037506104","1.6490353345870972","29.214345932006836","0.9296931028366088","0.8995046615600586","0","torch.float32","0.001","500","10000","806030595","0.806030595","AdaptiveLassoSAE","adaptive_lasso_sweep000","50000","0.9","0","10000","1.98884916305542","1.3002479076385498","1.130528450012207","0.8694714307785034","8.572259902954102","0.0721835196018219","6.235827664399093","0.06235827664399093","93.06640625","0.9987581372261048","0.3629809617996216","0.19410023093223572","0.2524683475494385","0.7293286919593811","0.2352910339832306","0.9987581372261048","0.09612887352705002","0","1024","1024","0.6984727680683136","46.91477966308594","0.42767971754074097","0.9956746697425842","12.19261074066162","0.89453125","1.6005055904388428","0.030273670330643657","0.003165582427754998","","0.0271080881357193","0.030273670330643657","0.14531747996807098","0.3629809617996216","40301529750000","40.30152975","[491,481,682,992,472]","[0.9975176453590392,0.9526456594467164,0.945557177066803,0.9438181519508362,0.939728856086731]","50000","0.001387182954624616","0.000694123091000897","0.01310043662401556","0.000732421874821186","148.65977478027344","1","0"
"spiked-rho0.90-elastic_net_sweep008-seed0","finished","-","","model=elastic_net_sweep008, regularization-sweep, rho=0.90, seed=0, spiked, topk-sweep","2026-07-25T02:36:49.000Z","190","","256","cuda","253.8714141845703","232.3142852783203","12.344648361206056","0.06261799484491348","0.0033026470337063074","1.0023272037506104","1.6490353345870972","29.214345932006836","0.9296931028366088","0.8995046615600586","0","torch.float32","0.001","500","10000","806289670","0.80628967","ElasticNetSAE","elastic_net_sweep008","50000","0.9","0","10000","","53.60383224487305","9.061456680297852","0.1690449416637421","7.723814964294434","0.05851941183209419","9.11111111111111","0.09111111111111111","48.046875","0.9957890510559082","0.2493012249469757","0.1946430504322052","0.2200888395309448","0.27637067437171936","0.13027983903884888","0.9957890510559082","0.05252854526042938","0","1024","1024","0.7194624543190002","39.78792953491211","0.7622060179710388","0.9977642297744752","22.733983993530273","64.9375","0.12603415548801422","0.018970360979437828","0.008154290728271008","0.0002467285958118737","0.010569341480731964","0.018970360979437828","0.4021911919116974","0.2493012249469757","40314483500000","40.3144835","[542,777,521,954,547]","[0.9964938163757324,0.9962610006332396,0.9959330558776855,0.9957151412963868,0.9951012134552002]","50000","0.16978732756250467","0.09276936869928964","0.10581087583579098","0.42944335927015537","369.2115173339844","",""
"spiked-rho0.90-elastic_net_sweep007-seed0","finished","-","","model=elastic_net_sweep007, regularization-sweep, rho=0.90, seed=0, spiked, topk-sweep","2026-07-25T02:33:45.000Z","183","","256","cuda","253.8714141845703","232.3142852783203","12.344648361206056","0.06261799484491348","0.0033026470337063074","1.0023272037506104","1.6490353345870972","29.214345932006836","0.9296931028366088","0.8995046615600586","0","torch.float32","0.001","500","10000","806289670","0.80628967","ElasticNetSAE","elastic_net_sweep007","50000","0.9","0","10000","","109.31617736816406","13.864593505859377","0.12683020532131195","7.677725791931152","0.05784787237644195","9.976798143851507","0.09976798143851508","43.75","0.9895612597465516","0.2735089063644409","0.1951594352722168","0.22617927193641665","0.34011557698249817","0.16501644253730774","0.9895612597465516","0.058196600526571274","0","1024","1024","0.6783279180526733","39.81718444824219","0.767133355140686","0.9968622326850892","29.1202335357666","71.9296875","0.1102091521024704","0.01939431019127369","0.007934022694826126","0.0009973658015951514","0.010462921112775804","0.01939431019127369","0.4560820460319519","0.2735089063644409","40314483500000","40.3144835","[952,128,99,685,378]","[0.9914584755897522,0.9899864792823792,0.9891999363899232,0.9887964725494384,0.988768458366394]","50000","0.17005745438992423","0.09293066614425469","0.10394265232410434","0.46728515613591665","414.1225280761719","",""
"spiked-rho0.90-elastic_net_sweep006-seed0","finished","-","","model=elastic_net_sweep006, regularization-sweep, rho=0.90, seed=0, spiked, topk-sweep","2026-07-25T02:30:28.000Z","197","","256","cuda","253.8714141845703","232.3142852783203","12.344648361206056","0.06261799484491348","0.0033026470337063074","1.0023272037506104","1.6490353345870972","29.214345932006836","0.9296931028366088","0.8995046615600586","0","torch.float32","0.001","500","10000","806289670","0.80628967","ElasticNetSAE","elastic_net_sweep006","50000","0.9","0","10000","","2080.783447265625","18.30028533935547","0.008794900961220264","7.713004112243652","0.058385372161865234","11.884057971014492","0.11884057971014492","34.86328125","0.979772925376892","0.280789852142334","0.1945314854383469","0.2278532832860947","0.3612541854381562","0.1723652184009552","0.979772925376892","0.06001080572605133","0","1024","1024","0.6583491563796997","38.660362243652344","0.7721658945083618","0.9963344931602478","33.490474700927734","81.36328125","0.09474661946296692","0.019924109801650047","0.007767255883663893","0.0016757309203967452","0.010481123812496662","0.019924109801650047","0.5608355402946472","0.280789852142334","40314483500000","40.3144835","[805,811,33,633,978]","[0.9915950894355774,0.9904878735542296,0.9901866316795348,0.9898519515991212,0.9876668453216552]","50000","0.16986933415796412","0.09281830936106548","0.10163714052034964","0.5168457029988169","495.2178039550781","",""
"spiked-rho0.90-elastic_net_sweep005-seed0","finished","-","","model=elastic_net_sweep005, regularization-sweep, rho=0.90, seed=0, spiked, topk-sweep","2026-07-25T02:27:17.000Z","190","","256","cuda","253.8714141845703","232.3142852783203","12.344648361206056","0.06261799484491348","0.0033026470337063074","1.0023272037506104","1.6490353345870972","29.214345932006836","0.9296931028366088","0.8995046615600586","0","torch.float32","0.001","500","10000","806289670","0.80628967","ElasticNetSAE","elastic_net_sweep005","50000","0.9","0","10000","","134.84913635253906","5.577033996582031","0.041357580572366714","8.239145278930664","0.06655733287334442","7.019562715765247","0.07019562715765247","89.16015625","0.9931566119194032","0.3040669560432434","0.20103290677070615","0.24990400671958923","0.44652289152145386","0.15845465660095215","0.9931566119194032","0.07193346321582794","0","1024","1024","0.7593823671340942","45.38321304321289","0.3434876799583435","0.997615933418274","20.09540367126465","3.46875","0.24668945372104645","0.03358608856797218","0.005572310648858547","0.00007084919343469664","0.027942931279540065","0.03358608856797218","0.10842936486005784","0.3040669560432434","40314483500000","40.3144835","[956,990,698,894,30]","[0.9796302318572998,0.9793591499328612,0.9788896441459656,0.9777969717979432,0.976464867591858]","50000","0.008827957556367283","0.004433696089392644","0.024774774746875252","0.005371093748688697","109.94737243652344","",""
"spiked-rho0.90-elastic_net_sweep004-seed0","finished","-","","model=elastic_net_sweep004, regularization-sweep, rho=0.90, seed=0, spiked, topk-sweep","2026-07-25T02:23:58.000Z","198","","256","cuda","253.8714141845703","232.3142852783203","12.344648361206056","0.06261799484491348","0.0033026470337063074","1.0023272037506104","1.6490353345870972","29.214345932006836","0.9296931028366088","0.8995046615600586","0","torch.float32","0.001","500","10000","806289670","0.80628967","ElasticNetSAE","elastic_net_sweep004","50000","0.9","0","10000","","288.6773986816406","13.55736255645752","0.04696371406316757","8.324443817138672","0.06797082722187042","10.947109471094713","0.10947109471094713","81.54296875","0.999456822872162","0.31875818967819214","0.20256352424621585","0.26160717010498047","0.4898649752140045","0.166474387049675","0.999456822872162","0.07538919895887375","0","1024","1024","0.7460725605487823","45.047115325927734","0.3636475205421448","0.995005190372467","31.614320755004883","10.2578125","0.09766994416713716","0.03440321981906891","0.005905133206397295","0.00016560213407501578","0.028332486748695377","0.03440321981906891","0.18952688574790957","0.31875818967819214","40314483500000","40.3144835","[39,939,866,306,797]","[0.9894955158233644,0.989221453666687,0.9891365766525269,0.988742172718048,0.988458514213562]","50000","0.033322939558537185","0.01694402420318547","0.042650418871801064","0.02734374999332428","189.1478271484375","",""
"spiked-rho0.90-elastic_net_sweep003-seed0","finished","-","","model=elastic_net_sweep003, regularization-sweep, rho=0.90, seed=0, spiked, topk-sweep","2026-07-25T02:20:41.000Z","196","","256","cuda","253.8714141845703","232.3142852783203","12.344648361206056","0.06261799484491348","0.0033026470337063074","1.0023272037506104","1.6490353345870972","29.214345932006836","0.9296931028366088","0.8995046615600586","0","torch.float32","0.001","500","10000","806289670","0.80628967","ElasticNetSAE","elastic_net_sweep003","50000","0.9","0","10000","","70025.7109375","19.896013259887695","0.0002841243986040354","8.30811595916748","0.06766651570796967","9.625","0.09625","81.54296875","0.9992775917053224","0.3208288550376892","0.20395441353321075","0.26587021350860596","0.49342840909957886","0.1629895120859146","0.9992775917053224","0.0750487819314003","0","1024","1024","0.7442389726638794","44.3941650390625","0.3288894295692444","0.9958200454711914","35.90361022949219","13.3515625","0.06356658041477203","0.03392775356769562","0.0052867792546749115","0.00016447964299004525","0.028476495295763016","0.03392775356769562","0.21228067576885223","0.3208288550376892","40314483500000","40.3144835","[970,893,560,124,951]","[0.9965370893478394,0.9964669942855836,0.996196150779724,0.9960331916809082,0.9960167407989502]","50000","0.031141372582587062","0.015817223196455694","0.034230544167867014","0.028564453118026256","210.37014770507812","",""
"spiked-rho0.90-elastic_net_sweep002-seed0","finished","-","","model=elastic_net_sweep002, regularization-sweep, rho=0.90, seed=0, spiked, topk-sweep","2026-07-25T02:17:29.000Z","191","","256","cuda","253.8714141845703","232.3142852783203","12.344648361206056","0.06261799484491348","0.0033026470337063074","1.0023272037506104","1.6490353345870972","29.214345932006836","0.9296931028366088","0.8995046615600586","0","torch.float32","0.001","500","10000","806289670","0.80628967","ElasticNetSAE","elastic_net_sweep002","50000","0.9","0","10000","","344.23626708984375","5.356286525726318","0.015559913590550424","8.290692329406738","0.06742173433303833","8.478513356562138","0.08478513356562137","87.890625","0.9955101013183594","0.4360544085502625","0.2014748603105545","0.29737526178359985","0.9895097017288208","0.2809086740016937","0.9955101013183594","0.13725969195365906","0","1024","1024","0.624102771282196","45.71207809448242","0.2743532657623291","0.9973052740097046","34.021419525146484","2.578125","0.15682870149612427","0.04008415713906288","0.0070265899412333965","0.000033654607250355184","0.03302391245961189","0.04008415713906288","0.2433276474475861","0.4360544085502625","40314483500000","40.3144835","[862,49,926,951,415]","[0.9944435954093932,0.9933847784996032,0.9933816194534302,0.992559552192688,0.9922699928283693]","50000","0.003784454004071707","0.0018959342738790951","0.01363636361570248","0.002197265624463558","247.70753479003903","",""
"spiked-rho0.90-elastic_net_sweep001-seed0","finished","-","","model=elastic_net_sweep001, regularization-sweep, rho=0.90, seed=0, spiked, topk-sweep","2026-07-25T02:14:20.000Z","189","","256","cuda","253.8714141845703","232.3142852783203","12.344648361206056","0.06261799484491348","0.0033026470337063074","1.0023272037506104","1.6490353345870972","29.214345932006836","0.9296931028366088","0.8995046615600586","0","torch.float32","0.001","500","10000","806289670","0.80628967","ElasticNetSAE","elastic_net_sweep001","50000","0.9","0","10000","","5609.06005859375","19.3898983001709","0.003456889186054468","8.307488441467285","0.06774359196424484","10.135970333745364","0.10135970333745364","82.51953125","0.9924744963645936","0.4281425178050995","0.2016044408082962","0.2957893908023834","0.9828211069107056","0.268427312374115","0.9924744963645936","0.13299985229969025","0","1024","1024","0.6291572451591492","45.48296356201172","0.2990928292274475","0.9962276220321656","60.20819854736328","7.62890625","0.0592179037630558","0.04062851518392563","0.007443496026098728","0.00008430096931988373","0.03310072049498558","0.04062851518392563","0.2757362425327301","0.4281425178050995","40314483500000","40.3144835","[552,1019,301,557,1023]","[0.9943543672561646,0.9943028688430786,0.9928966760635376,0.992429256439209,0.99236261844635]","50000","0.012894256103137216","0.006489184691099969","0.019969278023569237","0.00952148437267542","276.83917236328125","",""
"spiked-rho0.90-elastic_net_sweep000-seed0","finished","-","","model=elastic_net_sweep000, regularization-sweep, rho=0.90, seed=0, spiked, topk-sweep","2026-07-25T02:10:59.000Z","200","","256","cuda","253.8714141845703","232.3142852783203","12.344648361206056","0.06261799484491348","0.0033026470337063074","1.0023272037506104","1.6490353345870972","29.214345932006836","0.9296931028366088","0.8995046615600586","0","torch.float32","0.001","500","10000","806289670","0.80628967","ElasticNetSAE","elastic_net_sweep000","50000","0.9","0","10000","","21128.671875","30.057130813598633","0.001422575558535755","8.340436935424805","0.06823869049549103","10.663198959687907","0.10663198959687908","78.61328125","0.9987201690673828","0.44431638717651367","0.2021263688802719","0.3087465167045593","0.9855021834373474","0.281699001789093","0.9987201690673828","0.14315395057201383","0","1024","1024","0.6156904101371765","45.95908737182617","0.2631315588951111","0.9909096956253052","76.99242401123047","11.12109375","0.03472262620925903","0.04049232974648475","0.006567906588315964","0.00008118912955978885","0.033843234181404114","0.04049232974648475","0.32734930515289307","0.44431638717651367","40314483500000","40.3144835","[539,181,12,885,462]","[0.9981335401535034,0.9976410865783693,0.997263252735138,0.9968946576118468,0.9967194199562072]","50000","0.012962212435962312","0.006523630036746357","0.01580611169097081","0.01098632812231779","325.057861328125","",""
"spiked-rho0.90-vanilla_l1_sweep003-seed0","finished","-","","model=vanilla_l1_sweep003, regularization-sweep, rho=0.90, seed=0, spiked, topk-sweep","2026-07-25T02:08:22.000Z","156","","256","cuda","253.8714141845703","232.3142852783203","12.344648361206056","0.06261799484491348","0.0033026470337063074","1.0023272037506104","1.6490353345870972","29.214345932006836","0.9296931028366088","0.8995046615600586","0","torch.float32","0.001","500","10000","805765379","0.805765379","VanillaSAE","vanilla_l1_sweep003","50000","0.9","0","10000","","22.420034408569336","5.288824081420898","0.2358972281217575","8.032928466796875","0.06331571936607361","13.30166270783848","0.1330166270783848","44.3359375","0.9992052316665648","0.565319299697876","0.19725389778614044","0.2810811698436737","0.962748110294342","0.3639724552631378","0.9992052316665648","0.04577387124300003","0","1024","1024","0.7869832366704941","42.42083740234375","0.914313793182373","0.9980483055114746","25.38462257385254","159.08984375","0.11202791333198547","0.012552076950669289","0.008930268697440624","","0.003621808486059308","0.012552076950669289","0.7068323493003845","0.565319299697876","40288268950000","40.28826895","[210,449,368,872,819]","[0.9996992945671082,0.9964032769203186,0.9953311085700988,0.9942318201065063,0.9931493401527404]","50000","0.0733996509932082","0.038098105515815966","0.04039089547375473","0.4016113280269503","590.2050170898438","",""
"spiked-rho0.90-vanilla_l1_sweep002-seed0","finished","-","","model=vanilla_l1_sweep002, regularization-sweep, rho=0.90, seed=0, spiked, topk-sweep","2026-07-25T02:05:44.000Z","157","","256","cuda","253.8714141845703","232.3142852783203","12.344648361206056","0.06261799484491348","0.0033026470337063074","1.0023272037506104","1.6490353345870972","29.214345932006836","0.9296931028366088","0.8995046615600586","0","torch.float32","0.001","500","10000","805765379","0.805765379","VanillaSAE","vanilla_l1_sweep002","50000","0.9","0","10000","","23.739334106445312","4.635902404785156","0.1952835917472839","7.835968494415283","0.060255955904722214","11.11111111111111","0.1111111111111111","48.828125","0.9993499517440796","0.2346324324607849","0.19387058913707733","0.2170508503913879","0.2646225392818451","0.09348581731319427","0.9993499517440796","0.050148531794548035","0","1024","1024","0.7438369989395142","40.23523712158203","0.7506378889083862","0.997825026512146","19.9207820892334","61.26953125","0.13587017357349396","0.018806204199790955","0.00824605580419302","","0.01056014746427536","0.018806204199790955","0.4007585942745209","0.2346324324607849","40288268950000","40.28826895","[704,249,752,784,390]","[0.9992757439613342,0.9720534682273864,0.9698678255081176,0.9480884075164796,0.9432878494262696]","50000","0.17329728041867218","0.09486909835086792","0.10927637869880293","0.4184570311478376","367.8963928222656","",""
"spiked-rho0.90-vanilla_l1_sweep001-seed0","finished","-","","model=vanilla_l1_sweep001, regularization-sweep, rho=0.90, seed=0, spiked, topk-sweep","2026-07-25T02:03:00.000Z","163","","256","cuda","253.8714141845703","232.3142852783203","12.344648361206056","0.06261799484491348","0.0033026470337063074","1.0023272037506104","1.6490353345870972","29.214345932006836","0.9296931028366088","0.8995046615600586","0","torch.float32","0.001","500","10000","805765379","0.805765379","VanillaSAE","vanilla_l1_sweep001","50000","0.9","0","10000","","39.21310806274414","2.4954984188079834","0.06363939493894577","8.476076126098633","0.07044126093387604","8.690744920993227","0.08690744920993228","88.96484375","0.9968904852867126","0.32372623682022095","0.2026180922985077","0.2531461715698242","0.5049185752868652","0.19009193778038025","0.9968904852867126","0.07827499508857727","0","1024","1024","0.7402746379375458","45.13783645629883","0.38029801845550537","0.9944472908973694","15.349665641784668","1.3828125","0.8380980491638184","0.03559655696153641","0.0062090246938169","","0.02938753366470337","0.03559655696153641","0.1097012460231781","0.32372623682022095","40288268950000","40.28826895","[552,745,821,731,333]","[0.99718177318573,0.990891456604004,0.990038812160492,0.989465355873108,0.9892849922180176]","50000","0.0008987299834050361","0.0004496402876686959","0.00564971749816464","0.0004882812498807906","111.895263671875","",""
"spiked-rho0.90-vanilla_l1_sweep000-seed0","finished","-","","model=vanilla_l1_sweep000, regularization-sweep, rho=0.90, seed=0, spiked, topk-sweep","2026-07-25T02:00:22.000Z","157","","256","cuda","253.8714141845703","232.3142852783203","12.344648361206056","0.06261799484491348","0.0033026470337063074","1.0023272037506104","1.6490353345870972","29.214345932006836","0.9296931028366088","0.8995046615600586","0","torch.float32","0.001","500","10000","805765379","0.805765379","VanillaSAE","vanilla_l1_sweep000","50000","0.9","0","10000","","328.81170654296875","4.24246072769165","0.012902401387691498","8.302366256713867","0.06759187579154968","7.622298065984073","0.07622298065984073","89.0625","0.9986400604248048","0.415981262922287","0.198743537068367","0.2773245573043823","0.992825448513031","0.2777097523212433","0.9986400604248048","0.12803560495376587","0","1024","1024","0.6399893164634705","46.966102600097656","0.2846730351448059","0.9970480799674988","29.63561248779297","1.5234375","0.31662505865097046","0.03997981920838356","0.007329043000936508","","0.03265077620744705","0.03997981920838356","0.22621817886829376","0.415981262922287","40288268950000","40.28826895","[101,940,352,123,900]","[0.9977878332138062,0.9970602989196776,0.9969860315322876,0.9963238835334778,0.99582439661026]","50000","0.001337335687208338","0.0006691947355188055","0.007692307672583826","0.000732421874821186","230.51632690429688","",""
"spiked-rho0.00-topk_baseline_sweep004-seed0","finished","-","","model=topk_baseline_sweep004, regularization-sweep, rho=0.00, seed=0, spiked, topk-sweep","2026-07-25T01:57:52.000Z","149","","256","cuda","2.587843179702759","2.3587522506713867","0.14902976155281067","0.6171740293502808","0.0326528325676918","0.881973385810852","1.372418761253357","3.2950780391693115","0.28855496644973755","0.049951232969760895","0","torch.float32","0.001","500","10000","805503232","0.805503232","TopKSAE","topk_baseline_sweep004","50000","0","0","10000","","2.599708080291748","1.3908019065856934","0.5349838733673096","11.588866233825684","0.1318211406469345","100","1","1.3671875","0.9966316223144532","0.4170752167701721","0.219713494181633","0.37968406081199646","0.9926661849021912","0.21185138821601868","0.9966316223144532","0.11677303910255432","0","1024","1024","0.748447835445404","43.54263687133789","0.9008227586746216","0.9500324130058287","18.737024307250977","128","0.7376320958137512","0.02684466727077961","0","0","0.02684466727077961","0.02684466727077961","0.3931303918361664","0.4170752167701721","40275161600000","40.2751616","[960,782,228,593,634]","[0.9965463280677797,0.9963850378990172,0.9963502883911132,0.9959606528282166,0.9957303404808044]","50000","0.05522983718906805","0.028399263515360172","0.031066894530301915","0.24853515618932245","352.24481201171875","1",""
"spiked-rho0.00-topk_baseline_sweep003-seed0","finished","-","","model=topk_baseline_sweep003, regularization-sweep, rho=0.00, seed=0, spiked, topk-sweep","2026-07-25T01:55:31.000Z","140","","256","cuda","2.587843179702759","2.3587522506713867","0.14902976155281067","0.6171740293502808","0.0326528325676918","0.881973385810852","1.372418761253357","3.2950780391693115","0.28855496644973755","0.049951232969760895","0","torch.float32","0.001","500","10000","805503232","0.805503232","TopKSAE","topk_baseline_sweep003","50000","0","0","10000","","3.6341609954833984","1.7297334671020508","0.4759650230407715","6.389089107513428","0.04055815190076828","58.333333333333336","0.5833333333333334","1.5625","0.9723028540611268","0.3263136148452759","0.2132101058959961","0.24135345220565796","0.9041807651519777","0.2272423654794693","0.9723028540611268","0.04750997945666313","0","1024","1024","0.23842346668243408","23.311504364013672","0.8625184297561646","0.9275524020195008","12.735478401184082","64","0.7097214460372925","0.03666243329644203","0","0","0.03666243329644203","0.03666243329644203","0.1689569503068924","0.3263136148452759","40275161600000","40.2751616","[47,240,256,165,844]","[0.9502531886100768,0.9447802901268004,0.917144775390625,0.9143168330192566,0.9142106175422668]","50000","0.31484342996957876","0.18683356512593685","0.1967773437379897","0.7871093748078346","162.19866943359375","1",""
"spiked-rho0.00-topk_baseline_sweep002-seed0","finished","-","","model=topk_baseline_sweep002, regularization-sweep, rho=0.00, seed=0, spiked, topk-sweep","2026-07-25T01:53:01.000Z","149","","256","cuda","2.587843179702759","2.3587522506713867","0.14902976155281067","0.6171740293502808","0.0326528325676918","0.881973385810852","1.372418761253357","3.2950780391693115","0.28855496644973755","0.049951232969760895","0","torch.float32","0.001","500","10000","805503232","0.805503232","TopKSAE","topk_baseline_sweep002","50000","0","0","10000","","3.589862823486328","1.628848671913147","0.4537356197834015","4.6194000244140625","0.021667122840881348","50","0.5","2.63671875","0.3124702572822571","0.21968317031860352","0.19185635447502136","0.2171497941017151","0.25093352794647217","0.023224033415317535","0.3124702572822571","0.04989464208483696","0","1024","1024","0.11671411991119383","17.123842239379883","0.8327496647834778","0.913808047771454","11.025041580200195","32","0.9174598455429076","0.04475316405296326","0","0","0.04475316405296326","0.04475316405296326","0.1226968839764595","0.21968317031860352","40275161600000","40.2751616","[113,175,935,897,187]","[0.24948935210704803,0.2383032590150833,0.2381650358438492,0.2369939684867859,0.2253681123256683]","50000","0.5475255971334674","0.37696100399182414","0.4106445311998725","0.82128906229949","121.7153091430664","1",""
"spiked-rho0.00-topk_baseline_sweep001-seed0","finished","-","","model=topk_baseline_sweep001, regularization-sweep, rho=0.00, seed=0, spiked, topk-sweep","2026-07-25T01:50:30.000Z","150","","256","cuda","2.587843179702759","2.3587522506713867","0.14902976155281067","0.6171740293502808","0.0326528325676918","0.881973385810852","1.372418761253357","3.2950780391693115","0.28855496644973755","0.049951232969760895","0","torch.float32","0.001","500","10000","805503232","0.805503232","TopKSAE","topk_baseline_sweep001","50000","0","0","10000","","2.362978935241699","1.484102725982666","0.6280643343925476","5.7329254150390625","0.03293043002486229","62.5","0.625","5.859375","0.34919899702072144","0.23005257546901703","0.1944902390241623","0.225931316614151","0.27130091190338135","0.030385678634047508","0.34919899702072144","0.05258934944868088","0","1024","1024","0.2598229646682739","24.67877197265625","0.6606862545013428","0.812920093536377","7.841182231903076","16","1.37628972530365","0.09035544097423552","0","0","0.09035544097423552","0.09035544097423552","0.061308857053518295","0.23005257546901703","40275161600000","40.2751616","[676,718,882,570,17]","[0.1447417438030243,0.12880399823188782,0.1263830065727234,0.1244489997625351,0.12402213364839554]","50000","0.5922846561058213","0.4207422822718102","0.5922851561053991","0.5922851561053991","61.79932403564453","1",""
"spiked-rho0.00-topk_baseline_sweep000-seed0","finished","-","","model=topk_baseline_sweep000, regularization-sweep, rho=0.00, seed=0, spiked, topk-sweep","2026-07-25T01:48:03.000Z","146","","256","cuda","2.587843179702759","2.3587522506713867","0.14902976155281067","0.6171740293502808","0.0326528325676918","0.881973385810852","1.372418761253357","3.2950780391693115","0.28855496644973755","0.049951232969760895","0","torch.float32","0.001","500","10000","805503232","0.805503232","TopKSAE","topk_baseline_sweep000","50000","0","0","10000","","1.8366271257400513","1.414027452468872","0.7699044942855835","6.525293350219727","0.04237082228064537","44.881889763779526","0.44881889763779526","12.109375","0.36459946632385254","0.2473117709159851","0.19901205599308017","0.24078772962093353","0.3032587468624115","0.04088328778743744","0.36459946632385254","0.06142343208193779","0","1024","1024","0.4152153134346008","31.10747718811035","0.4728966951370239","0.6827172636985779","5.660231113433838","8","1.8195128440856936","0.14179526269435885","0","0","0.14179526269435885","0.14179526269435885","0.031620677560567856","0.2473117709159851","40275161600000","40.2751616","[229,794,656,798,415]","[0.109632208943367,0.10836857557296752,0.10805860906839372,0.1004222333431244,0.09812375903129578]","50000","0.5139969512219563","0.34589266147954156","0.7709960933735371","0.38549804678088423","32.126609802246094","1",""
"spiked-rho0.00-adaptive_elastic_net_sweep071-seed0","finished","-","","model=adaptive_elastic_net_sweep071, regularization-sweep, rho=0.00, seed=0, spiked, topk-sweep","2026-07-25T01:44:38.000Z","203","","256","cuda","2.587843179702759","2.3587522506713867","0.14902976155281067","0.6171740293502808","0.0326528325676918","0.881973385810852","1.372418761253357","3.2950780391693115","0.28855496644973755","0.049951232969760895","0","torch.float32","0.001","500","10000","806554886","0.806554886","AdaptiveElasticNetSAE","adaptive_elastic_net_sweep071","50000","0","0","10000","998.8738403320312","10.483187675476074","2.246317148208618","0.21427807211875916","3.879317283630371","0.014929383993148804","0","0","0","0.9599618911743164","0.2154193818569183","0.19013994932174683","0.2109883278608322","0.2414884716272354","0.039070069789886475","0.9599618911743164","0.04941650107502937","0","1024","1024","0.006074249744415283","3.880683660507202","0.8643125295639038","0.8210335969924927","15.338171005249023","41.515625","0.5995098352432251","0.0804917961359024","0.0409373976290226","0.0034868139773607254","0.03606758266687393","0.0804917961359024","0.2457389384508133","0.2154193818569183","40327744300000","40.3277443","[554,205,706,199,489]","[0.940192461013794,0.35960447788238525,0.35930585861206055,0.3579177260398865,0.35347607731819153]","50000","0.5205103291128307","0.35181784792950627","0.36055701916065513","0.9355468747715948","235.90936279296875","1","0"
"spiked-rho0.00-adaptive_elastic_net_sweep070-seed0","finished","-","","model=adaptive_elastic_net_sweep070, regularization-sweep, rho=0.00, seed=0, spiked, topk-sweep","2026-07-25T01:41:16.000Z","201","","256","cuda","2.587843179702759","2.3587522506713867","0.14902976155281067","0.6171740293502808","0.0326528325676918","0.881973385810852","1.372418761253357","3.2950780391693115","0.28855496644973755","0.049951232969760895","0","torch.float32","0.001","500","10000","806554886","0.806554886","AdaptiveElasticNetSAE","adaptive_elastic_net_sweep070","50000","0","0","10000","1023.8810424804688","14.368133544921877","2.603346824645996","0.1811889410018921","3.7302958965301514","0.013836776837706566","0","0","0","0.29857584834098816","0.2150597870349884","0.1899842917919159","0.21164020895957947","0.2444809526205063","0.022381529211997982","0.29857584834098816","0.04923637956380844","0","1024","1024","0.004522919654846191","3.042886018753052","0.8852345943450928","0.8697585463523865","18.044981002807617","54.62109375","0.5103814601898193","0.0628795176744461","0.02841370552778244","0.0037013250403106217","0.030764490365982056","0.0628795176744461","0.35062965750694275","0.2150597870349884","40327744300000","40.3277443","[515,357,235,421,273]","[0.49971723556518555,0.4877859950065613,0.47409531474113464,0.46887463331222534,0.467515766620636]","50000","0.43199256945243286","0.2755044447385703","0.27926768216553904","0.9533691403922436","327.1374816894531","1","0"
"spiked-rho0.00-adaptive_elastic_net_sweep069-seed0","finished","-","","model=adaptive_elastic_net_sweep069, regularization-sweep, rho=0.00, seed=0, spiked, topk-sweep","2026-07-25T01:37:53.000Z","202","","256","cuda","2.587843179702759","2.3587522506713867","0.14902976155281067","0.6171740293502808","0.0326528325676918","0.881973385810852","1.372418761253357","3.2950780391693115","0.28855496644973755","0.049951232969760895","0","torch.float32","0.001","500","10000","806554886","0.806554886","AdaptiveElasticNetSAE","adaptive_elastic_net_sweep069","50000","0","0","10000","94.3919677734375","2.925053596496582","1.576428771018982","0.5389401316642761","6.006658554077148","0.03550299257040024","0","0","0.1953125","0.6909965872764587","0.2176847904920578","0.19243165850639343","0.21439096331596377","0.2436901330947876","0.029611635953187943","0.6909965872764587","0.050489842891693115","0","1024","1024","0.01876735687255859","6.29015588760376","0.5535719394683838","0.4395181238651275","9.276203155517578","14.57421875","0.757947564125061","0.21322835981845856","0.09410153329372406","0.0012382639106363058","0.11788856983184814","0.21322835981845856","0.08595380932092667","0.2176847904920578","40327744300000","40.3277443","[748,183,579,77,64]","[0.22692406177520752,0.1776253879070282,0.17525526881217957,0.17338652908802032,0.17055431008338928]","50000","0.7803751237322538","0.6398491513430025","0.8185473061327936","0.7456054685679674","86.03976440429688","1","0"
"spiked-rho0.00-adaptive_elastic_net_sweep068-seed0","finished","-","","model=adaptive_elastic_net_sweep068, regularization-sweep, rho=0.00, seed=0, spiked, topk-sweep","2026-07-25T01:34:37.000Z","194","","256","cuda","2.587843179702759","2.3587522506713867","0.14902976155281067","0.6171740293502808","0.0326528325676918","0.881973385810852","1.372418761253357","3.2950780391693115","0.28855496644973755","0.049951232969760895","0","torch.float32","0.001","500","10000","806554886","0.806554886","AdaptiveElasticNetSAE","adaptive_elastic_net_sweep068","50000","0","0","10000","514.3310546875","8.549379348754883","2.2570667266845703","0.26400357484817505","3.896903991699219","0.015059665776789188","0","0","0","0.4154647886753082","0.21474739909172055","0.190548375248909","0.21107277274131775","0.24298237264156344","0.022907938808202744","0.4154647886753082","0.049546271562576294","0","1024","1024","0.007714688777923584","3.974397897720337","0.8604766726493835","0.8056436777114868","15.37795639038086","37.92578125","0.6452664136886597","0.0859101340174675","0.04561843350529671","0.003465987741947174","0.03682571649551392","0.0859101340174675","0.2484235912561417","0.21474739909172055","40327744300000","40.3277443","[190,596,278,185,676]","[0.37962645292282104,0.37761566042900085,0.3718891441822052,0.3608457446098328,0.3593299984931946]","50000","0.554291505794689","0.3834051507782939","0.3940673601406873","0.9340820310219524","237.9897918701172","1","2"
"spiked-rho0.00-adaptive_elastic_net_sweep067-seed0","finished","-","","model=adaptive_elastic_net_sweep067, regularization-sweep, rho=0.00, seed=0, spiked, topk-sweep","2026-07-25T01:31:14.000Z","202","","256","cuda","2.587843179702759","2.3587522506713867","0.14902976155281067","0.6171740293502808","0.0326528325676918","0.881973385810852","1.372418761253357","3.2950780391693115","0.28855496644973755","0.049951232969760895","0","torch.float32","0.001","500","10000","806554886","0.806554886","AdaptiveElasticNetSAE","adaptive_elastic_net_sweep067","50000","0","0","10000","1023.9202880859376","12.194966316223145","2.3760035037994385","0.19483476877212524","3.73401141166687","0.013843072578310966","0","0","0","0.3078373670578003","0.21493488550186157","0.18976151943206787","0.21168425679206848","0.24394260346889496","0.02258283458650112","0.3078373670578003","0.04921714588999748","0","1024","1024","0.004553377628326416","3.0531015396118164","0.8822585344314575","0.8540225028991699","17.242557525634766","53.15234375","0.5080888271331787","0.06198689341545105","0.027281172573566437","0.0035734064877033234","0.03113231435418129","0.06198689341545105","0.31838470697402954","0.21493488550186157","40327744300000","40.3277443","[19,549,993,35,487]","[0.4514209032058716,0.4427597522735596,0.43440932035446167,0.4339617192745209,0.4316878914833069]","50000","0.4386823534167715","0.2809696092416086","0.2853678253630214","0.9479980466435552","299.6000061035156","1","0"
"spiked-rho0.00-adaptive_elastic_net_sweep066-seed0","finished","-","","model=adaptive_elastic_net_sweep066, regularization-sweep, rho=0.00, seed=0, spiked, topk-sweep","2026-07-25T01:27:48.000Z","205","","256","cuda","2.587843179702759","2.3587522506713867","0.14902976155281067","0.6171740293502808","0.0326528325676918","0.881973385810852","1.372418761253357","3.2950780391693115","0.28855496644973755","0.049951232969760895","0","torch.float32","0.001","500","10000","806554886","0.806554886","AdaptiveElasticNetSAE","adaptive_elastic_net_sweep066","50000","0","0","10000","1023.9255981445312","15.391154289245604","2.485311985015869","0.16147664189338684","3.771967887878418","0.014133993536233902","0","0","0","0.29738649725914","0.21477362513542175","0.18938957154750824","0.2118948996067047","0.24438358843326569","0.02234104461967945","0.29738649725914","0.04922536015510559","0","1024","1024","0.0045318603515625","3.0458877086639404","0.877294659614563","0.8521998524665833","17.353757858276367","52.546875","0.5081439018249512","0.06244545057415962","0.02679840289056301","0.0035174672957509756","0.03212957829236984","0.06244545057415962","0.3224954307079315","0.21477362513542175","40327744300000","40.3277443","[280,293,177,836,745]","[0.4732358455657959,0.4378185272216797,0.4300478100776672,0.424903929233551,0.42013251781463623]","50000","0.445292552955654","0.28641595188868735","0.2904400832374041","0.9538574216421246","303.1457214355469","1","0"
"spiked-rho0.00-adaptive_elastic_net_sweep065-seed0","finished","-","","model=adaptive_elastic_net_sweep065, regularization-sweep, rho=0.00, seed=0, spiked, topk-sweep","2026-07-25T01:24:30.000Z","197","","256","cuda","2.587843179702759","2.3587522506713867","0.14902976155281067","0.6171740293502808","0.0326528325676918","0.881973385810852","1.372418761253357","3.2950780391693115","0.28855496644973755","0.049951232969760895","0","torch.float32","0.001","500","10000","806554886","0.806554886","AdaptiveElasticNetSAE","adaptive_elastic_net_sweep065","50000","0","0","10000","1021.9490966796876","15.570877075195312","2.452467441558838","0.15750348567962646","3.77347469329834","0.0141537394374609","0","0","0","0.3291153907775879","0.2143786698579788","0.18929000198841095","0.21111644804477692","0.24097007513046265","0.022451097145676613","0.3291153907775879","0.04929157346487045","0","1024","1024","0.005497395992279053","3.3548319339752197","0.8805515170097351","0.8625593185424805","17.494287490844727","53.71484375","0.512005090713501","0.06487295776605606","0.029128042981028557","0.003670168109238148","0.03207474574446678","0.06487295776605606","0.32981055974960327","0.2143786698579788","40327744300000","40.3277443","[905,672,360,766,637]","[0.48374563455581665,0.4800220131874085,0.47927752137184143,0.453767329454422,0.4511792063713074]","50000","0.43816852620859825","0.28054818108053753","0.28434295685518557","0.9545898435169458","309.3623046875","1","0"
"spiked-rho0.00-adaptive_elastic_net_sweep064-seed0","finished","-","","model=adaptive_elastic_net_sweep064, regularization-sweep, rho=0.00, seed=0, spiked, topk-sweep","2026-07-25T01:21:15.000Z","192","","256","cuda","2.587843179702759","2.3587522506713867","0.14902976155281067","0.6171740293502808","0.0326528325676918","0.881973385810852","1.372418761253357","3.2950780391693115","0.28855496644973755","0.049951232969760895","0","torch.float32","0.001","500","10000","806554886","0.806554886","AdaptiveElasticNetSAE","adaptive_elastic_net_sweep064","50000","0","0","10000","1021.7551879882812","12.703254699707031","2.441894054412842","0.1922258585691452","3.827253818511963","0.0145826805382967","0","0","0","0.6466745734214783","0.21502016484737396","0.1884477436542511","0.21129274368286133","0.2412836402654648","0.029138967394828796","0.6466745734214783","0.049230001866817474","0","1024","1024","0.005529522895812988","3.4793312549591064","0.8802457451820374","0.860397458076477","17.554533004760742","54.03515625","0.5074222683906555","0.06351526081562042","0.028039894998073574","0.0036110351793468","0.03186433017253876","0.06351526081562042","0.33110079169273376","0.21502016484737396","40327744300000","40.3277443","[142,803,180,873,99]","[0.474883496761322,0.4613107442855835,0.45681262016296387,0.4522702991962433,0.44320452213287354]","50000","0.4347143554382789","0.2777223488969696","0.281717631729797","0.9514160153927206","310.5725402832031","1","0"
"spiked-rho0.00-adaptive_elastic_net_sweep063-seed0","finished","-","","model=adaptive_elastic_net_sweep063, regularization-sweep, rho=0.00, seed=0, spiked, topk-sweep","2026-07-25T01:18:11.000Z","183","","256","cuda","2.587843179702759","2.3587522506713867","0.14902976155281067","0.6171740293502808","0.0326528325676918","0.881973385810852","1.372418761253357","3.2950780391693115","0.28855496644973755","0.049951232969760895","0","torch.float32","0.001","500","10000","806554886","0.806554886","AdaptiveElasticNetSAE","adaptive_elastic_net_sweep063","50000","0","0","10000","1023.358642578125","23.281192779541016","2.7343037128448486","0.1174468919634819","4.250121116638184","0.017853012308478355","0","0","0","0.3010905086994171","0.2158801555633545","0.1886325925588608","0.21344727277755737","0.2449665367603302","0.023124774917960167","0.3010905086994171","0.04878968745470047","0","1024","1024","0.005462229251861572","3.3440730571746826","0.879270613193512","0.8176950812339783","20.25874137878418","76.68359375","0.37063106894493103","0.07866561412811279","0.030905481427907944","0.014883098192512987","0.032877035439014435","0.07866561412811279","0.46121102571487427","0.2158801555633545","40327744300000","40.3277443","[17,870,242,475,850]","[0.5989025831222534,0.5984050631523132,0.5955051779747009,0.5882467031478882,0.5840255618095398]","50000","0.33227939568967785","0.19924184987620713","0.20080484946254368","0.9624023435150384","416.4735412597656","1","0"
"spiked-rho0.00-adaptive_elastic_net_sweep062-seed0","finished","-","","model=adaptive_elastic_net_sweep062, regularization-sweep, rho=0.00, seed=0, spiked, topk-sweep","2026-07-25T01:14:50.000Z","200","","256","cuda","2.587843179702759","2.3587522506713867","0.14902976155281067","0.6171740293502808","0.0326528325676918","0.881973385810852","1.372418761253357","3.2950780391693115","0.28855496644973755","0.049951232969760895","0","torch.float32","0.001","500","10000","806554886","0.806554886","AdaptiveElasticNetSAE","adaptive_elastic_net_sweep062","50000","0","0","10000","1023.3485717773438","23.06610679626465","2.6554853916168213","0.11512499302625656","4.269532680511475","0.018024951219558716","0","0","0","0.3004593849182129","0.21510350704193115","0.18932147324085236","0.21081238985061648","0.24303239583969116","0.023039886727929115","0.3004593849182129","0.04875100404024124","0","1024","1024","0.0055457353591918945","3.3695340156555176","0.875086784362793","0.8050146102905273","20.041196823120117","76.484375","0.3619491457939148","0.07662584632635117","0.02933300845324993","0.014151089824736118","0.03314175084233284","0.07662584632635117","0.4508649706840515","0.21510350704193115","40327744300000","40.3277443","[701,704,883,230,241]","[0.5864412784576416,0.5860229730606079,0.5700109601020813,0.5685920119285583,0.5668182969093323]","50000","0.3324038361452532","0.19933134085409396","0.200970377926406","0.9606933591404556","408.4836730957031","1","0"
"spiked-rho0.00-adaptive_elastic_net_sweep061-seed0","finished","-","","model=adaptive_elastic_net_sweep061, regularization-sweep, rho=0.00, seed=0, spiked, topk-sweep","2026-07-25T01:11:30.000Z","199","","256","cuda","2.587843179702759","2.3587522506713867","0.14902976155281067","0.6171740293502808","0.0326528325676918","0.881973385810852","1.372418761253357","3.2950780391693115","0.28855496644973755","0.049951232969760895","0","torch.float32","0.001","500","10000","806554886","0.806554886","AdaptiveElasticNetSAE","adaptive_elastic_net_sweep061","50000","0","0","10000","126.70402526855467","3.6540884971618657","1.8178718090057373","0.4974898099899292","6.159895896911621","0.03730383515357971","0","0","0.09765625","0.9867207407951356","0.21801109611988068","0.1923595368862152","0.21407604217529297","0.2438572645187378","0.039753690361976624","0.9867207407951356","0.05045450851321221","0","1024","1024","0.02203047275543213","6.750874996185303","0.5293717384338379","0.4166549742221832","10.114739418029783","16.2578125","0.6502646803855896","0.2150999754667282","0.08602692186832428","0.005161776673048735","0.12391127645969392","0.2150999754667282","0.10320578515529633","0.21801109611988068","40327744300000","40.3277443","[468,533,822,548,300]","[0.21279920637607577,0.20438647270202637,0.19417402148246765,0.1933060884475708,0.1910555958747864]","50000","0.7357708730679351","0.5819923370532581","0.7299375298582562","0.7416992185689211","102.79296875","1","0"
"spiked-rho0.00-adaptive_elastic_net_sweep060-seed0","finished","-","","model=adaptive_elastic_net_sweep060, regularization-sweep, rho=0.00, seed=0, spiked, topk-sweep","2026-07-25T01:08:13.000Z","197","","256","cuda","2.587843179702759","2.3587522506713867","0.14902976155281067","0.6171740293502808","0.0326528325676918","0.881973385810852","1.372418761253357","3.2950780391693115","0.28855496644973755","0.049951232969760895","0","torch.float32","0.001","500","10000","806554886","0.806554886","AdaptiveElasticNetSAE","adaptive_elastic_net_sweep060","50000","0","0","10000","73.12044525146484","3.0760624408721924","1.5936521291732788","0.5180818438529968","6.412273406982422","0.040405530482530594","0","0","0","0.2776503562927246","0.21592259407043457","0.19062675535678864","0.21418845653533936","0.2452309876680374","0.022232193499803543","0.2776503562927246","0.050395987927913666","0","1024","1024","0.03219306468963623","8.165353775024414","0.5396553874015808","0.4316680133342743","9.405217170715332","20.41015625","0.6459609270095825","0.2135888636112213","0.08430657535791397","0.006258433684706688","0.1230238527059555","0.2135888636112213","0.08979751169681549","0.21592259407043457","40327744300000","40.3277443","[603,989,225,496,1018]","[0.17797885835170746,0.17102330923080444,0.17031508684158325,0.16403017938137054,0.16197055578231812]","50000","0.6585125422766979","0.4908829173878946","0.5873684209402166","0.7492675779420733","89.43832397460938","1","0"
"spiked-rho0.00-adaptive_elastic_net_sweep059-seed0","finished","-","","model=adaptive_elastic_net_sweep059, regularization-sweep, rho=0.00, seed=0, spiked, topk-sweep","2026-07-25T01:04:55.000Z","197","","256","cuda","2.587843179702759","2.3587522506713867","0.14902976155281067","0.6171740293502808","0.0326528325676918","0.881973385810852","1.372418761253357","3.2950780391693115","0.28855496644973755","0.049951232969760895","0","torch.float32","0.001","500","10000","806554886","0.806554886","AdaptiveElasticNetSAE","adaptive_elastic_net_sweep059","50000","0","0","10000","1023.6602172851562","23.058847427368164","2.742849349975586","0.11894997209310532","4.21954345703125","0.01760609820485115","0","0","0","0.30033889412879944","0.21659138798713684","0.1895757019519806","0.21325820684432983","0.24761374294757843","0.02320081554353237","0.30033889412879944","0.048736266791820526","0","1024","1024","0.0056008100509643555","3.3862409591674805","0.8781067728996277","0.8126049041748047","19.58763313293457","77.41015625","0.3592379093170166","0.07526583224534988","0.02872599847614765","0.014241312630474567","0.03229852020740509","0.07526583224534988","0.42944660782814026","0.21659138798713684","40327744300000","40.3277443","[111,62,88,313,556]","[0.5785974860191345,0.5558581948280334,0.5405369997024536,0.5358654260635376,0.5324605703353882]","50000","0.32835667672550684","0.1964276779808662","0.19811273148316533","0.958496093515992","391.2258605957031","1","0"
"spiked-rho0.00-adaptive_elastic_net_sweep058-seed0","finished","-","","model=adaptive_elastic_net_sweep058, regularization-sweep, rho=0.00, seed=0, spiked, topk-sweep","2026-07-25T01:01:27.000Z","207","","256","cuda","2.587843179702759","2.3587522506713867","0.14902976155281067","0.6171740293502808","0.0326528325676918","0.881973385810852","1.372418761253357","3.2950780391693115","0.28855496644973755","0.049951232969760895","0","torch.float32","0.001","500","10000","806554886","0.806554886","AdaptiveElasticNetSAE","adaptive_elastic_net_sweep058","50000","0","0","10000","1023.6658935546876","28.88922882080078","2.768439292907715","0.09582946449518204","4.24181604385376","0.017805548384785652","0","0","0","0.30618998408317566","0.21627777814865112","0.18958960473537445","0.21286679804325104","0.24371035397052765","0.023095181211829185","0.30618998408317566","0.048717938363552094","0","1024","1024","0.00565338134765625","3.4020888805389404","0.881422221660614","0.8187310099601746","19.96260452270508","80.44140625","0.3586205840110779","0.07618720084428787","0.029448579996824265","0.014626583084464071","0.032112035900354385","0.07618720084428787","0.448355108499527","0.21627777814865112","40327744300000","40.3277443","[85,968,274,928,709]","[0.6082814931869507,0.5888227224349976,0.5716680884361267,0.5661536455154419,0.5635097622871399]","50000","0.32014229683056866","0.1905772290982024","0.19190987227738016","0.9648437497644424","406.209716796875","1","0"
"spiked-rho0.00-adaptive_elastic_net_sweep057-seed0","finished","-","","model=adaptive_elastic_net_sweep057, regularization-sweep, rho=0.00, seed=0, spiked, topk-sweep","2026-07-25T00:58:10.000Z","197","","256","cuda","2.587843179702759","2.3587522506713867","0.14902976155281067","0.6171740293502808","0.0326528325676918","0.881973385810852","1.372418761253357","3.2950780391693115","0.28855496644973755","0.049951232969760895","0","torch.float32","0.001","500","10000","806554886","0.806554886","AdaptiveElasticNetSAE","adaptive_elastic_net_sweep057","50000","0","0","10000","1022.8523559570312","27.99613380432129","2.793910026550293","0.09979628026485445","4.203089714050293","0.017464011907577515","0","0","0","0.3061334788799286","0.2159319967031479","0.18890109658241272","0.21227455139160156","0.24560993909835815","0.02321440726518631","0.3061334788799286","0.04878750070929527","0","1024","1024","0.005534708499908447","3.3661904335021973","0.880071222782135","0.8176133036613464","20.59178924560547","77.2421875","0.3670116066932678","0.07701572775840759","0.02996422722935677","0.014709962531924248","0.03234153613448143","0.07701572775840759","0.48159146308898926","0.2159319967031479","40327744300000","40.3277443","[566,820,785,224,915]","[0.6221662759780884,0.61475670337677,0.6122795343399048,0.6081982254981995,0.5999067425727844]","50000","0.3287806121937131","0.1967311741603965","0.1984423990999068","0.9580078122661112","432.4691162109375","1","0"
"spiked-rho0.00-adaptive_elastic_net_sweep056-seed0","finished","-","","model=adaptive_elastic_net_sweep056, regularization-sweep, rho=0.00, seed=0, spiked, topk-sweep","2026-07-25T00:54:52.000Z","197","","256","cuda","2.587843179702759","2.3587522506713867","0.14902976155281067","0.6171740293502808","0.0326528325676918","0.881973385810852","1.372418761253357","3.2950780391693115","0.28855496644973755","0.049951232969760895","0","torch.float32","0.001","500","10000","806554886","0.806554886","AdaptiveElasticNetSAE","adaptive_elastic_net_sweep056","50000","0","0","10000","1022.8526000976562","24.137866973876953","2.588449716567993","0.10723605751991272","4.227218151092529","0.017651615664362907","0","0","0","0.29667967557907104","0.2158796787261963","0.1898231655359268","0.21233275532722473","0.24673065543174744","0.023331962525844577","0.29667967557907104","0.04874765500426293","0","1024","1024","0.005550742149353027","3.3710484504699707","0.8805644512176514","0.8170148134231567","20.305150985717773","79.28125","0.3592745363712311","0.07667457312345505","0.029685674235224724","0.014640189707279204","0.03234870731830597","0.07667457312345505","0.46303385496139526","0.2158796787261963","40327744300000","40.3277443","[389,450,162,192,459]","[0.6058592200279236,0.603503406047821,0.6027309894561768,0.5943291187286377,0.5837532877922058]","50000","0.323384436823212","0.1928794992080947","0.19432400472042155","0.9628906247649192","418.11956787109375","1","0"
"spiked-rho0.00-adaptive_elastic_net_sweep055-seed0","finished","-","","model=adaptive_elastic_net_sweep055, regularization-sweep, rho=0.00, seed=0, spiked, topk-sweep","2026-07-25T00:51:35.000Z","196","","256","cuda","2.587843179702759","2.3587522506713867","0.14902976155281067","0.6171740293502808","0.0326528325676918","0.881973385810852","1.372418761253357","3.2950780391693115","0.28855496644973755","0.049951232969760895","0","torch.float32","0.001","500","10000","806554886","0.806554886","AdaptiveElasticNetSAE","adaptive_elastic_net_sweep055","50000","0","0","10000","1021.3340454101562","51.30558395385742","2.9227092266082764","0.05696668848395347","4.734503269195557","0.022095542401075363","0","0","0","0.3143464922904968","0.21755030751228333","0.1903972029685974","0.2138528823852539","0.2468567192554474","0.023816026747226715","0.3143464922904968","0.04841828718781471","0","1024","1024","0.008275091648101807","4.116244792938232","0.8614515066146851","0.7553658485412598","22.333480834960938","105.14453125","0.26943305134773254","0.09248855710029602","0.03346725553274155","0.022133927792310715","0.03688737750053406","0.09248855710029602","0.5871526002883911","0.21755030751228333","40327744300000","40.3277443","[1003,908,976,931,702]","[0.7000987529754639,0.6949079036712646,0.6941788196563721,0.692489504814148,0.6841588020324707]","50000","0.25679530807854994","0.14731234507982272","0.14793624846201522","0.9721679685126542","511.4099426269531","1","0"
"spiked-rho0.00-adaptive_elastic_net_sweep054-seed0","finished","-","","model=adaptive_elastic_net_sweep054, regularization-sweep, rho=0.00, seed=0, spiked, topk-sweep","2026-07-25T00:48:20.000Z","195","","256","cuda","2.587843179702759","2.3587522506713867","0.14902976155281067","0.6171740293502808","0.0326528325676918","0.881973385810852","1.372418761253357","3.2950780391693115","0.28855496644973755","0.049951232969760895","0","torch.float32","0.001","500","10000","806554886","0.806554886","AdaptiveElasticNetSAE","adaptive_elastic_net_sweep054","50000","0","0","10000","1013.1781005859376","36.765625","2.8355135917663574","0.07712404429912567","4.763583183288574","0.022396575659513474","0","0","0","0.9410529732704164","0.218665212392807","0.18930894136428833","0.21493977308273315","0.2482508271932602","0.03987313434481621","0.9410529732704164","0.04843657836318016","0","1024","1024","0.009779274463653564","4.577620029449463","0.8619434833526611","0.7565078735351562","21.673843383789062","102.9921875","0.27498412132263184","0.09372351318597794","0.03429076075553894","0.022422539070248604","0.03701021522283554","0.09372351318597794","0.5445560216903687","0.218665212392807","40327744300000","40.3277443","[315,977,31,109,208]","[0.9480018615722656,0.6780049204826355,0.6746546030044556,0.6622854471206665,0.6508201360702515]","50000","0.2623594284354036","0.15098617093059072","0.15155882575470078","0.9755859372618196","479.7538146972656","1","0"
"spiked-rho0.00-adaptive_elastic_net_sweep053-seed0","finished","-","","model=adaptive_elastic_net_sweep053, regularization-sweep, rho=0.00, seed=0, spiked, topk-sweep","2026-07-25T00:45:28.000Z","171","","256","cuda","2.587843179702759","2.3587522506713867","0.14902976155281067","0.6171740293502808","0.0326528325676918","0.881973385810852","1.372418761253357","3.2950780391693115","0.28855496644973755","0.049951232969760895","0","torch.float32","0.001","500","10000","806554886","0.806554886","AdaptiveElasticNetSAE","adaptive_elastic_net_sweep053","50000","0","0","10000","159.17140197753906","3.598567247390747","1.8102269172668457","0.5030410289764404","6.343011379241943","0.03951745480298996","0","0","0","0.29704052209854126","0.2154726535081863","0.19156277179718015","0.2129637598991394","0.245744064450264","0.02124294452369213","0.29704052209854126","0.05044053494930267","0","1024","1024","0.022426128387451172","6.8707804679870605","0.49534112215042114","0.38199543952941895","9.96863079071045","16.90625","0.5661532878875732","0.2204165905714035","0.07808873057365417","0.00829100888222456","0.1340368539094925","0.2204165905714035","0.10057025402784348","0.2154726535081863","40327744300000","40.3277443","[89,261,498,301,916]","[0.19895070791244507,0.1935986578464508,0.1886797845363617,0.18603813648223877,0.1832513064146042]","50000","0.7127250462692521","0.5536702322844577","0.6936229203572959","0.7329101560710668","100.26853942871094","1","0"
"spiked-rho0.00-adaptive_elastic_net_sweep052-seed0","finished","-","","model=adaptive_elastic_net_sweep052, regularization-sweep, rho=0.00, seed=0, spiked, topk-sweep","2026-07-25T00:42:07.000Z","200","","256","cuda","2.587843179702759","2.3587522506713867","0.14902976155281067","0.6171740293502808","0.0326528325676918","0.881973385810852","1.372418761253357","3.2950780391693115","0.28855496644973755","0.049951232969760895","0","torch.float32","0.001","500","10000","806554886","0.806554886","AdaptiveElasticNetSAE","adaptive_elastic_net_sweep052","50000","0","0","10000","92.4339828491211","3.27764630317688","1.597676157951355","0.4874461591243744","6.855164527893066","0.046077944338321686","0","0","0","0.28448617458343506","0.2125971019268036","0.18960215151309967","0.2103230506181717","0.2389455288648605","0.020089076831936836","0.28448617458343506","0.04957376420497894","0","1024","1024","0.0491977334022522","10.037586212158203","0.5167868733406067","0.4205605685710907","11.09486961364746","30.0546875","0.49235159158706665","0.2098933458328247","0.07044627517461777","0.011223848909139631","0.1282232105731964","0.2098933458328247","0.1281791776418686","0.2125971019268036","40327744300000","40.3277443","[13,601,606,72,59]","[0.22842790186405185,0.20949050784111023,0.2071641981601715,0.203765332698822,0.19818735122680664]","50000","0.5070394107717137","0.33962049763213037","0.38848453335215954","0.7297363279468416","126.00013732910156","1","0"
"spiked-rho0.00-adaptive_elastic_net_sweep051-seed0","finished","-","","model=adaptive_elastic_net_sweep051, regularization-sweep, rho=0.00, seed=0, spiked, topk-sweep","2026-07-25T00:38:49.000Z","197","","256","cuda","2.587843179702759","2.3587522506713867","0.14902976155281067","0.6171740293502808","0.0326528325676918","0.881973385810852","1.372418761253357","3.2950780391693115","0.28855496644973755","0.049951232969760895","0","torch.float32","0.001","500","10000","806554886","0.806554886","AdaptiveElasticNetSAE","adaptive_elastic_net_sweep051","50000","0","0","10000","1023.1618041992188","83.84587860107422","2.973397731781006","0.03546265885233879","4.874471664428711","0.02341657318174839","0","0","0","0.31918954849243164","0.22091685235500336","0.1927811503410339","0.21749265491962433","0.2535935640335083","0.025680825114250183","0.31918954849243164","0.04823146387934685","0","1024","1024","0.008780598640441895","4.240142345428467","0.8654659390449524","0.7637885212898254","23.43080139160156","120.2421875","0.24726560711860657","0.08802077174186707","0.03119955211877823","0.021321941167116165","0.03549927473068237","0.08802077174186707","0.6703492403030396","0.22091685235500336","40327744300000","40.3277443","[436,960,764,584,462]","[0.7887433171272278,0.7844300866127014,0.7775120735168457,0.7722160220146179,0.767882227897644]","50000","0.22879731548828625","0.1291763791721971","0.12962120719480147","0.9741210935121772","569.796875","1","0"
"spiked-rho0.00-adaptive_elastic_net_sweep050-seed0","finished","-","","model=adaptive_elastic_net_sweep050, regularization-sweep, rho=0.00, seed=0, spiked, topk-sweep","2026-07-25T00:35:58.000Z","170","","256","cuda","2.587843179702759","2.3587522506713867","0.14902976155281067","0.6171740293502808","0.0326528325676918","0.881973385810852","1.372418761253357","3.2950780391693115","0.28855496644973755","0.049951232969760895","0","torch.float32","0.001","500","10000","806554886","0.806554886","AdaptiveElasticNetSAE","adaptive_elastic_net_sweep050","50000","0","0","10000","1021.0340576171876","70.80858612060547","3.218503475189209","0.045453574508428574","4.868045330047607","0.023351415991783146","0","0","0","0.89472496509552","0.2223965525627136","0.19301506876945496","0.2166500985622406","0.2544388175010681","0.03885888308286667","0.89472496509552","0.04822777211666107","0","1024","1024","0.009923577308654783","4.50771951675415","0.8690815567970276","0.7665318250656128","23.216909408569336","122.0546875","0.24858678877353668","0.08901214599609375","0.03203340247273445","0.02186833694577217","0.035110414028167725","0.08901214599609375","0.6536215543746948","0.2223965525627136","40327744300000","40.3277443","[22,993,223,849,871]","[0.7830832004547119,0.7830756902694702,0.7707086205482483,0.7599051594734192,0.7578507661819458]","50000","0.2262461874533112","0.1275523226095089","0.12795237790027675","0.9760742185117004","557.5391845703125","1","0"
"spiked-rho0.00-adaptive_elastic_net_sweep049-seed0","finished","-","","model=adaptive_elastic_net_sweep049, regularization-sweep, rho=0.00, seed=0, spiked, topk-sweep","2026-07-25T00:32:52.000Z","186","","256","cuda","2.587843179702759","2.3587522506713867","0.14902976155281067","0.6171740293502808","0.0326528325676918","0.881973385810852","1.372418761253357","3.2950780391693115","0.28855496644973755","0.049951232969760895","0","torch.float32","0.001","500","10000","806554886","0.806554886","AdaptiveElasticNetSAE","adaptive_elastic_net_sweep049","50000","0","0","10000","1018.6365966796876","56.09391021728515","2.977201461791992","0.05307530611753464","4.783038139343262","0.022566230967640877","0","0","0","0.3199640214443207","0.21860578656196591","0.19093266129493713","0.21526578068733215","0.24798500537872312","0.024546058848500252","0.3199640214443207","0.04840155690908432","0","1024","1024","0.008291244506835938","4.12026309967041","0.8653358221054077","0.7600266337394714","22.53738594055176","110.2265625","0.2641694247722626","0.09156733006238936","0.03324848413467407","0.022220293059945107","0.036098554730415344","0.09156733006238936","0.6041236519813538","0.21860578656196591","40327744300000","40.3277443","[69,87,517,59,635]","[0.7337230443954468,0.7311370372772217,0.7139676809310913,0.713145911693573,0.7107603549957275]","50000","0.2469515642105384","0.14086993362022066","0.14139910694799776","0.9741210935121772","523.1710815429688","1","0"
"spiked-rho0.00-adaptive_elastic_net_sweep048-seed0","finished","-","","model=adaptive_elastic_net_sweep048, regularization-sweep, rho=0.00, seed=0, spiked, topk-sweep","2026-07-25T00:29:35.000Z","196","","256","cuda","2.587843179702759","2.3587522506713867","0.14902976155281067","0.6171740293502808","0.0326528325676918","0.881973385810852","1.372418761253357","3.2950780391693115","0.28855496644973755","0.049951232969760895","0","torch.float32","0.001","500","10000","806554886","0.806554886","AdaptiveElasticNetSAE","adaptive_elastic_net_sweep048","50000","0","0","10000","1005.7678833007812","42.567623138427734","2.911146640777588","0.06838875263929367","4.816888809204102","0.022875647991895676","0","0","0","0.931347668170929","0.21957048773765564","0.19058258831501007","0.21400223672389984","0.24902354180812836","0.03976377099752426","0.931347668170929","0.04835047572851181","0","1024","1024","0.009688735008239746","4.513023853302002","0.861508846282959","0.7552118897438049","22.28366470336914","109","0.26230281591415405","0.09093230962753296","0.0326756052672863","0.02165166102349758","0.03660504147410393","0.09093230962753296","0.5872905254364014","0.21957048773765564","40327744300000","40.3277443","[829,477,847,943,289]","[0.9431729912757874,0.7068392038345337,0.7060934901237488,0.7022606134414673,0.6877093315124512]","50000","0.24818727675268903","0.14167469406180477","0.14230934632517528","0.96948242163831","510.9427490234375","1","0"
"spiked-rho0.00-adaptive_elastic_net_sweep047-seed0","finished","-","","model=adaptive_elastic_net_sweep047, regularization-sweep, rho=0.00, seed=0, spiked, topk-sweep","2026-07-25T00:26:11.000Z","203","","256","cuda","2.587843179702759","2.3587522506713867","0.14902976155281067","0.6171740293502808","0.0326528325676918","0.881973385810852","1.372418761253357","3.2950780391693115","0.28855496644973755","0.049951232969760895","0","torch.float32","0.001","500","10000","806554886","0.806554886","AdaptiveElasticNetSAE","adaptive_elastic_net_sweep047","50000","0","0","10000","959.5647583007812","4.938684940338135","1.8854155540466309","0.381764680147171","5.0586652755737305","0.02536884509027004","62.5","0.625","1.7578125","0.3269785940647125","0.21904538571834564","0.19135889410972595","0.213889941573143","0.25178462266921997","0.025154178962111473","0.3269785940647125","0.050679996609687805","0","1024","1024","0.10126137733459473","15.008090019226074","0.6942169070243835","0.6149488687515259","11.550199508666992","20.33203125","0.7675201296806335","0.16631267964839935","0.08160924911499023","0.002196474466472864","0.08250696212053299","0.16631267964839935","0.134977325797081","0.21904538571834564","40327744300000","40.3277443","[966,292,908,198,119]","[0.22965455055236816,0.22922900319099423,0.2273818999528885,0.22661606967449188,0.2253924161195755]","50000","0.6784211820516087","0.5133420109805822","0.6061479345617391","0.7702636716869473","133.62754821777344","1","0"
"spiked-rho0.00-adaptive_elastic_net_sweep046-seed0","finished","-","","model=adaptive_elastic_net_sweep046, regularization-sweep, rho=0.00, seed=0, spiked, topk-sweep","2026-07-25T00:22:53.000Z","198","","256","cuda","2.587843179702759","2.3587522506713867","0.14902976155281067","0.6171740293502808","0.0326528325676918","0.881973385810852","1.372418761253357","3.2950780391693115","0.28855496644973755","0.049951232969760895","0","torch.float32","0.001","500","10000","806554886","0.806554886","AdaptiveElasticNetSAE","adaptive_elastic_net_sweep046","50000","0","0","10000","954.6065063476562","4.873876094818115","1.8768466711044312","0.3850829601287842","5.0457868576049805","0.02535102888941765","50","0.5","1.5625","0.33239778876304626","0.2192496508359909","0.19192208349704745","0.21413281559944153","0.25483179092407227","0.025229595601558685","0.33239778876304626","0.05077403038740158","0","1024","1024","0.1084027886390686","15.433175086975098","0.692882776260376","0.6164351105690002","12.766867637634276","20.65625","0.7579858303070068","0.165188267827034","0.08067332953214645","0.002213435247540474","0.08230149745941162","0.165188267827034","0.16506654024124146","0.2192496508359909","40327744300000","40.3277443","[814,1001,990,181,132]","[0.2934785783290863,0.2834170460700989,0.27564239501953125,0.2721284031867981,0.26111578941345215]","50000","0.6679449469708274","0.5014399999197696","0.5926626322631122","0.765136718563199","162.0953369140625","1","0"
"spiked-rho0.00-adaptive_elastic_net_sweep045-seed0","finished","-","","model=adaptive_elastic_net_sweep045, regularization-sweep, rho=0.00, seed=0, spiked, topk-sweep","2026-07-25T00:19:42.000Z","190","","256","cuda","2.587843179702759","2.3587522506713867","0.14902976155281067","0.6171740293502808","0.0326528325676918","0.881973385810852","1.372418761253357","3.2950780391693115","0.28855496644973755","0.049951232969760895","0","torch.float32","0.001","500","10000","806554886","0.806554886","AdaptiveElasticNetSAE","adaptive_elastic_net_sweep045","50000","0","0","10000","1.000131130218506","1.6191682815551758","1.236398696899414","0.7636011242866516","8.320880889892578","0.06792442500591278","9.92063492063492","0.0992063492063492","73.14453125","0.371294230222702","0.23111405968666077","0.19971740245819092","0.22605621814727783","0.2727518677711487","0.02949405275285244","0.371294230222702","0.053468864411115646","0","1024","1024","0.15938901901245117","19.472476959228516","0.006859123706817627","0.1346903145313263","3.45340347290039","0.7890625","0.6575232744216919","0.26256296038627625","0.0003288032894488424","0.00007598299998790026","0.2621581554412842","0.26256296038627625","0.011657863855361938","0.23111405968666077","40327744300000","40.3277443","[660,359,571,615,763]","[0.09720446914434432,0.08895783871412277,0.07809561491012573,0.07718956470489502,0.07393883168697357]","50000","0.002326573987343867","0.001164686699006595","0.02475247512498775","0.001220703124701977","11.925994873046877","1","0"
"spiked-rho0.00-adaptive_elastic_net_sweep044-seed0","finished","-","","model=adaptive_elastic_net_sweep044, regularization-sweep, rho=0.00, seed=0, spiked, topk-sweep","2026-07-25T00:16:32.000Z","189","","256","cuda","2.587843179702759","2.3587522506713867","0.14902976155281067","0.6171740293502808","0.0326528325676918","0.881973385810852","1.372418761253357","3.2950780391693115","0.28855496644973755","0.049951232969760895","0","torch.float32","0.001","500","10000","806554886","0.806554886","AdaptiveElasticNetSAE","adaptive_elastic_net_sweep044","50000","0","0","10000","2.999574899673462","1.0171910524368286","1.006736397743225","0.9897220134735109","8.45799732208252","0.07020504772663116","13.94700139470014","0.1394700139470014","70.5078125","0.34912124276161194","0.23334434628486633","0.20173870027065277","0.22771872580051425","0.273165225982666","0.029328377917408943","0.34912124276161194","0.05369843542575836","0","1024","1024","0.15159845352172852","19.01192283630371","0.024080753326416016","0.17494124174118042","4.7118964195251465","2.52734375","0.992581307888031","0.2582175135612488","0.0007300733122974634","0.0003308332816231996","0.2571566104888916","0.2582175135612488","0.021769927814602852","0.23334434628486633","40327744300000","40.3277443","[296,890,867,973,915]","[0.11833495646715164,0.10185322165489195,0.09782950580120088,0.0967036783695221,0.09548205882310867]","50000","0.0033731567758476686","0.0016895459341732743","0.012364760413655702","0.001953124999523163","22.227096557617188","1","0.002938295714557171"
"spiked-rho0.00-adaptive_elastic_net_sweep043-seed0","finished","-","","model=adaptive_elastic_net_sweep043, regularization-sweep, rho=0.00, seed=0, spiked, topk-sweep","2026-07-25T00:13:10.000Z","201","","256","cuda","2.587843179702759","2.3587522506713867","0.14902976155281067","0.6171740293502808","0.0326528325676918","0.881973385810852","1.372418761253357","3.2950780391693115","0.28855496644973755","0.049951232969760895","0","torch.float32","0.001","500","10000","806554886","0.806554886","AdaptiveElasticNetSAE","adaptive_elastic_net_sweep043","50000","0","0","10000","961.733642578125","5.183512210845947","2.031105279922486","0.3918395936489105","4.9933013916015625","0.02483050897717476","75","0.75","0.9765625","0.34291115403175354","0.2201711982488632","0.1918475478887558","0.21520157158374784","0.2569149136543274","0.026115907356143","0.34291115403175354","0.05075175687670708","0","1024","1024","0.09727060794830322","14.656367301940918","0.7051093578338623","0.6265007257461548","11.88789176940918","20.8515625","0.7781251072883606","0.16389966011047363","0.08154930174350739","0.002307060174643994","0.08004330843687057","0.16389966011047363","0.14313597977161407","0.2201711982488632","40327744300000","40.3277443","[906,1019,145,100,154]","[0.24952197074890137,0.2354097366333008,0.23467779159545896,0.23423948884010315,0.23273074626922607]","50000","0.6786087940854041","0.5135568746167886","0.5996627949419889","0.7814941404342055","141.27520751953125","1","0"
"spiked-rho0.00-adaptive_elastic_net_sweep042-seed0","finished","-","","model=adaptive_elastic_net_sweep042, regularization-sweep, rho=0.00, seed=0, spiked, topk-sweep","2026-07-25T00:10:17.000Z","172","","256","cuda","2.587843179702759","2.3587522506713867","0.14902976155281067","0.6171740293502808","0.0326528325676918","0.881973385810852","1.372418761253357","3.2950780391693115","0.28855496644973755","0.049951232969760895","0","torch.float32","0.001","500","10000","806554886","0.806554886","AdaptiveElasticNetSAE","adaptive_elastic_net_sweep042","50000","0","0","10000","956.9878540039062","5.884428024291992","2.1169369220733643","0.359752357006073","4.997930526733398","0.024861708283424377","87.5","0.875","1.171875","0.3649320602416992","0.22052954137325287","0.19134658575057983","0.21552009880542755","0.25865551829338074","0.026567861437797543","0.3649320602416992","0.050799690186977386","0","1024","1024","0.10357552766799928","15.028918266296388","0.6937273740768433","0.6177384853363037","12.305636405944824","20.12890625","0.7718247175216675","0.16080456972122192","0.07781396061182022","0.0021733681205660105","0.08081725239753723","0.16080456972122192","0.15355227887630463","0.22052954137325287","40327744300000","40.3277443","[827,488,578,941,830]","[0.26967233419418335,0.26324790716171265,0.26123449206352234,0.2541877031326294,0.24913263320922852]","50000","0.6824516633729877","0.5179714425540831","0.612458761767425","0.7705078123118877","151.24899291992188","1","0"
"spiked-rho0.00-adaptive_elastic_net_sweep041-seed0","finished","-","","model=adaptive_elastic_net_sweep041, regularization-sweep, rho=0.00, seed=0, spiked, topk-sweep","2026-07-25T00:07:09.000Z","187","","256","cuda","2.587843179702759","2.3587522506713867","0.14902976155281067","0.6171740293502808","0.0326528325676918","0.881973385810852","1.372418761253357","3.2950780391693115","0.28855496644973755","0.049951232969760895","0","torch.float32","0.001","500","10000","806554886","0.806554886","AdaptiveElasticNetSAE","adaptive_elastic_net_sweep041","50000","0","0","10000","877.3202514648438","4.435455322265625","1.7434568405151367","0.39307278394699097","5.073193550109863","0.02562602609395981","47.05882352941176","0.4705882352941176","2.63671875","0.3417408764362335","0.2191372513771057","0.19103391468524933","0.21422988176345825","0.2577844560146332","0.026075145229697227","0.3417408764362335","0.0508224219083786","0","1024","1024","0.11685389280319214","16.212604522705078","0.6858710050582886","0.611278772354126","11.498976707458496","20.09375","0.7662131786346436","0.16549699008464813","0.07980525493621826","0.002142993034794926","0.08354873955249786","0.16549699008464813","0.13342159986495972","0.2191372513771057","40327744300000","40.3277443","[444,358,89,432,789]","[0.25440722703933716,0.22688305377960205,0.22314821183681488,0.21680957078933716,0.2153032273054123]","50000","0.6772722335585295","0.5120274913251468","0.6082814928833045","0.763916015438497","132.08737182617188","1","0"
"spiked-rho0.00-adaptive_elastic_net_sweep040-seed0","finished","-","","model=adaptive_elastic_net_sweep040, regularization-sweep, rho=0.00, seed=0, spiked, topk-sweep","2026-07-25T00:03:54.000Z","195","","256","cuda","2.587843179702759","2.3587522506713867","0.14902976155281067","0.6171740293502808","0.0326528325676918","0.881973385810852","1.372418761253357","3.2950780391693115","0.28855496644973755","0.049951232969760895","0","torch.float32","0.001","500","10000","806554886","0.806554886","AdaptiveElasticNetSAE","adaptive_elastic_net_sweep040","50000","0","0","10000","861.5780639648438","4.590397357940674","1.9781715869903564","0.43093690276145935","5.261932373046875","0.027535490691661835","45.45454545454545","0.4545454545454546","2.5390625","0.36610010266304016","0.22097450494766235","0.1909351944923401","0.21496689319610596","0.2582983672618866","0.0289998110383749","0.36610010266304016","0.05108058452606201","0","1024","1024","0.1274750828742981","16.718904495239258","0.6596493721008301","0.5878119468688965","11.634706497192385","19.66015625","0.7425228953361511","0.16695818305015564","0.07559467852115631","0.0020006338600069284","0.08936287462711334","0.16695818305015564","0.1366703361272812","0.22097450494766235","40327744300000","40.3277443","[207,485,727,224,387]","[0.25058096647262573,0.2383223921060562,0.23595669865608215,0.226188063621521,0.21958191692829132]","50000","0.6609700385878244","0.4936191098668817","0.5994436716472394","0.7365722654451727","135.16696166992188","1","0"
"spiked-rho0.00-adaptive_elastic_net_sweep039-seed0","finished","-","","model=adaptive_elastic_net_sweep039, regularization-sweep, rho=0.00, seed=0, spiked, topk-sweep","2026-07-25T00:00:45.000Z","188","","256","cuda","2.587843179702759","2.3587522506713867","0.14902976155281067","0.6171740293502808","0.0326528325676918","0.881973385810852","1.372418761253357","3.2950780391693115","0.28855496644973755","0.049951232969760895","0","torch.float32","0.001","500","10000","806554886","0.806554886","AdaptiveElasticNetSAE","adaptive_elastic_net_sweep039","50000","0","0","10000","967.8790893554688","4.74166202545166","1.8916016817092896","0.39893218874931335","5.208853721618652","0.026888947933912277","50","0.5","1.3671875","0.2988627851009369","0.21789832413196564","0.19227401912212372","0.2146775722503662","0.2504458427429199","0.022874629124999046","0.2988627851009369","0.05069483071565628","0","1024","1024","0.09461116790771484","14.457900047302246","0.6675819158554077","0.562452495098114","11.814963340759276","20.59375","0.6876333951950073","0.1763906329870224","0.07784328609704971","0.00906853936612606","0.08947880566120148","0.1763906329870224","0.1415545493364334","0.21789832413196564","40327744300000","40.3277443","[669,626,867,298,92]","[0.26215577125549316,0.2565487325191498,0.24162337183952332,0.2407536506652832,0.234336256980896]","50000","0.6795469031231935","0.5146321745328","0.6037556903255394","0.7770996091852783","139.85589599609375","1","0"
"spiked-rho0.00-adaptive_elastic_net_sweep038-seed0","finished","-","","model=adaptive_elastic_net_sweep038, regularization-sweep, rho=0.00, seed=0, spiked, topk-sweep","2026-07-24T23:57:28.000Z","196","","256","cuda","2.587843179702759","2.3587522506713867","0.14902976155281067","0.6171740293502808","0.0326528325676918","0.881973385810852","1.372418761253357","3.2950780391693115","0.28855496644973755","0.049951232969760895","0","torch.float32","0.001","500","10000","806554886","0.806554886","AdaptiveElasticNetSAE","adaptive_elastic_net_sweep038","50000","0","0","10000","970.3907470703124","5.200856685638428","2.018036127090454","0.3880199491977692","5.168902397155762","0.026554960757493973","40","0.4","1.3671875","0.31435561180114746","0.2177053838968277","0.19137950241565704","0.21392203867435455","0.25137248635292053","0.02373165637254715","0.31435561180114746","0.050548769533634186","0","1024","1024","0.0896683931350708","14.109926223754885","0.6845880746841431","0.5811177492141724","12.38404655456543","22.3046875","0.6799744367599487","0.1733379065990448","0.07777522504329681","0.009690554812550545","0.08587212860584259","0.1733379065990448","0.15589453279972076","0.2177053838968277","40327744300000","40.3277443","[346,704,163,416,244]","[0.27970653772354126,0.2787237763404846,0.2699528932571411,0.2668265104293823,0.2650476098060608]","50000","0.6663262521412875","0.4996176784677141","0.5721541154864879","0.7976074216802715","153.4002227783203","1","0"
"spiked-rho0.00-adaptive_elastic_net_sweep037-seed0","finished","-","","model=adaptive_elastic_net_sweep037, regularization-sweep, rho=0.00, seed=0, spiked, topk-sweep","2026-07-24T23:54:15.000Z","192","","256","cuda","2.587843179702759","2.3587522506713867","0.14902976155281067","0.6171740293502808","0.0326528325676918","0.881973385810852","1.372418761253357","3.2950780391693115","0.28855496644973755","0.049951232969760895","0","torch.float32","0.001","500","10000","806554886","0.806554886","AdaptiveElasticNetSAE","adaptive_elastic_net_sweep037","50000","0","0","10000","1.9998623132705688","1.0238046646118164","1.0117623805999756","0.9882376790046692","8.316153526306152","0.06782503426074982","10.19867549668874","0.10198675496688742","71.58203125","0.32964444160461426","0.22919484972953796","0.20005019009113312","0.22482220828533173","0.26499098539352417","0.02521310932934284","0.32964444160461426","0.052984848618507385","0","1024","1024","0.14255470037460327","18.19510841369629","0.013360917568206789","0.1413458287715912","4.4829888343811035","1.30078125","0.5689585208892822","0.25970369577407837","0.0008159029530361295","0.0004126850690227002","0.258475124835968","0.25970369577407837","0.01972225308418274","0.22919484972953796","40327744300000","40.3277443","[323,238,627,810,50]","[0.109176367521286,0.1034746840596199,0.1023709550499916,0.1022503674030304,0.09930434823036194]","50000","0.003160845358959184","0.0015829941199495714","0.02102102095789483","0.0017089843745827671","20.15614318847656","1","0"
"spiked-rho0.00-adaptive_elastic_net_sweep036-seed0","finished","-","","model=adaptive_elastic_net_sweep036, regularization-sweep, rho=0.00, seed=0, spiked, topk-sweep","2026-07-24T23:51:19.000Z","175","","256","cuda","2.587843179702759","2.3587522506713867","0.14902976155281067","0.6171740293502808","0.0326528325676918","0.881973385810852","1.372418761253357","3.2950780391693115","0.28855496644973755","0.049951232969760895","0","torch.float32","0.001","500","10000","806554886","0.806554886","AdaptiveElasticNetSAE","adaptive_elastic_net_sweep036","50000","0","0","10000","4.999865531921387","1.036384105682373","1.01889967918396","0.983129382133484","8.463214874267578","0.07028341293334961","10.81081081081081","0.10810810810810811","75.29296875","0.3966900408267975","0.2367958128452301","0.2033325731754303","0.23080219328403473","0.2796683609485626","0.032333794981241226","0.3966900408267975","0.05417436361312866","0","1024","1024","0.13537538051605225","17.755260467529297","0.03347158432006836","0.17600369453430176","6.717366695404053","3.53125","0.6809159517288208","0.26006361842155457","0.0011843533720821142","0.0012250435538589954","0.25765421986579895","0.26006361842155457","0.04427396133542061","0.2367958128452301","40327744300000","40.3277443","[160,25,991,356,413]","[0.23084408044815063,0.19460296630859375,0.18537190556526184,0.18331561982631683,0.1790977567434311]","50000","0.006799703787463378","0.003411599437404856","0.01880530971371094","0.004150390623986721","45.11516571044922","1","0.0049067712388932705"
"spiked-rho0.00-adaptive_elastic_net_sweep035-seed0","finished","-","","model=adaptive_elastic_net_sweep035, regularization-sweep, rho=0.00, seed=0, spiked, topk-sweep","2026-07-24T23:48:05.000Z","194","","256","cuda","2.587843179702759","2.3587522506713867","0.14902976155281067","0.6171740293502808","0.0326528325676918","0.881973385810852","1.372418761253357","3.2950780391693115","0.28855496644973755","0.049951232969760895","0","torch.float32","0.001","500","10000","806554886","0.806554886","AdaptiveElasticNetSAE","adaptive_elastic_net_sweep035","50000","0","0","10000","971.1881103515624","5.2166571617126465","1.9987068176269531","0.38313940167427063","5.150882244110107","0.026299279183149334","70","0.7","0.87890625","0.3200698792934418","0.21657511591911316","0.1919516772031784","0.21331751346588135","0.24530376493930817","0.02234833501279354","0.3200698792934418","0.05055670067667961","0","1024","1024","0.08831131458282471","14.070591926574709","0.6786607503890991","0.5720300674438477","12.727707862854004","22.1171875","0.6667772531509399","0.16898185014724731","0.07438221573829651","0.009309433400630953","0.08529019355773926","0.16898185014724731","0.16526664793491364","0.21657511591911316","40327744300000","40.3277443","[390,480,634,945,367]","[0.28395789861679077,0.2766318619251251,0.27587515115737915,0.2755396068096161,0.25982850790023804]","50000","0.6759577008926266","0.5105263157104448","0.5824796890529","0.8051757810534238","162.29183959960938","1","0"
"spiked-rho0.00-adaptive_elastic_net_sweep034-seed0","finished","-","","model=adaptive_elastic_net_sweep034, regularization-sweep, rho=0.00, seed=0, spiked, topk-sweep","2026-07-24T23:45:03.000Z","181","","256","cuda","2.587843179702759","2.3587522506713867","0.14902976155281067","0.6171740293502808","0.0326528325676918","0.881973385810852","1.372418761253357","3.2950780391693115","0.28855496644973755","0.049951232969760895","0","torch.float32","0.001","500","10000","806554886","0.806554886","AdaptiveElasticNetSAE","adaptive_elastic_net_sweep034","50000","0","0","10000","959.6773681640624","4.755587577819824","1.9757466316223145","0.41545793414115906","5.172513008117676","0.02654726430773735","70","0.7","1.66015625","0.29911261796951294","0.218876451253891","0.1902623027563095","0.21587294340133667","0.25068482756614685","0.023931877687573433","0.29911261796951294","0.050771314650774","0","1024","1024","0.10467004776000977","15.110079765319824","0.6766417622566223","0.5781769156455994","12.372870445251465","22.24609375","0.6684950590133667","0.16981154680252075","0.07441042363643646","0.009402239695191383","0.08599887788295746","0.16981154680252075","0.15602120757102966","0.218876451253891","40327744300000","40.3277443","[350,724,669,327,727]","[0.2650054693222046,0.26200026273727417,0.25725704431533813,0.25435513257980347,0.25090688467025757]","50000","0.6550909236811661","0.4870899148713411","0.5631255486280727","0.7829589841838478","153.52487182617188","1","0"
"spiked-rho0.00-adaptive_elastic_net_sweep033-seed0","finished","-","","model=adaptive_elastic_net_sweep033, regularization-sweep, rho=0.00, seed=0, spiked, topk-sweep","2026-07-24T23:42:01.000Z","181","","256","cuda","2.587843179702759","2.3587522506713867","0.14902976155281067","0.6171740293502808","0.0326528325676918","0.881973385810852","1.372418761253357","3.2950780391693115","0.28855496644973755","0.049951232969760895","0","torch.float32","0.001","500","10000","806554886","0.806554886","AdaptiveElasticNetSAE","adaptive_elastic_net_sweep033","50000","0","0","10000","910.865478515625","4.649295806884766","1.9962698221206665","0.42937034368515015","5.192810535430908","0.026696350425481796","66.66666666666666","0.6666666666666666","1.66015625","0.3183665871620178","0.2171657681465149","0.19288335740566256","0.21323977410793304","0.24723805487155912","0.02248942293226719","0.3183665871620178","0.05055267736315727","0","1024","1024","0.093741774559021","14.458869934082031","0.6678798198699951","0.5617706775665283","11.783655166625977","20.5703125","0.6846976280212402","0.17192815244197843","0.07523428648710251","0.008907514624297619","0.08778634667396545","0.17192815244197843","0.14093135297298431","0.2171657681465149","40327744300000","40.3277443","[20,704,299,300,454]","[0.24496695399284363,0.24361887574195865,0.2335698902606964,0.23027747869491577,0.22692634165287015]","50000","0.6872458225526795","0.5235150528033335","0.6109001138224648","0.7854003904332518","139.24017333984375","1","0"
"spiked-rho0.00-adaptive_elastic_net_sweep032-seed0","finished","-","","model=adaptive_elastic_net_sweep032, regularization-sweep, rho=0.00, seed=0, spiked, topk-sweep","2026-07-24T23:38:59.000Z","181","","256","cuda","2.587843179702759","2.3587522506713867","0.14902976155281067","0.6171740293502808","0.0326528325676918","0.881973385810852","1.372418761253357","3.2950780391693115","0.28855496644973755","0.049951232969760895","0","torch.float32","0.001","500","10000","806554886","0.806554886","AdaptiveElasticNetSAE","adaptive_elastic_net_sweep032","50000","0","0","10000","890.623779296875","5.297168254852295","2.102273941040039","0.3968675136566162","5.252043724060059","0.027408478781580925","77.77777777777779","0.7777777777777778","1.5625","0.3444471061229706","0.2181955873966217","0.1904328465461731","0.21513676643371585","0.25072160363197327","0.02424381673336029","0.3444471061229706","0.050700508058071136","0","1024","1024","0.10699886083602904","15.479345321655272","0.6595203280448914","0.5588161945343018","12.091496467590332","21.3828125","0.6652088165283203","0.17335008084774017","0.07409702241420746","0.00883447751402855","0.09041857719421388","0.17335008084774017","0.1487829089164734","0.2181955873966217","40327744300000","40.3277443","[155,378,676,197,563]","[0.27467072010040283,0.2601306736469269,0.25049957633018494,0.24531812965869904,0.2448199987411499]","50000","0.6626954349935539","0.49554617901304165","0.579283887362206","0.7741699216859936","146.699951171875","1","0"
"spiked-rho0.00-adaptive_elastic_net_sweep031-seed0","finished","-","","model=adaptive_elastic_net_sweep031, regularization-sweep, rho=0.00, seed=0, spiked, topk-sweep","2026-07-24T23:35:44.000Z","195","","256","cuda","2.587843179702759","2.3587522506713867","0.14902976155281067","0.6171740293502808","0.0326528325676918","0.881973385810852","1.372418761253357","3.2950780391693115","0.28855496644973755","0.049951232969760895","0","torch.float32","0.001","500","10000","806554886","0.806554886","AdaptiveElasticNetSAE","adaptive_elastic_net_sweep031","50000","0","0","10000","977.1214599609376","5.97280740737915","2.120666742324829","0.3550536036491394","5.350062847137451","0.02833165228366852","57.14285714285714","0.5714285714285714","1.171875","0.31513407826423645","0.2182416319847107","0.19403117895126343","0.21459786593914032","0.24834044277668","0.022575899958610535","0.31513407826423645","0.050628289580345154","0","1024","1024","0.08543431758880615","13.82066822052002","0.6499403119087219","0.522771954536438","13.156253814697266","22.7109375","0.5952486991882324","0.18177641928195953","0.07251615822315216","0.015282890759408474","0.09397736936807632","0.18177641928195953","0.1773551106452942","0.2182416319847107","40327744300000","40.3277443","[86,472,205,650,747]","[0.3030237853527069,0.29964298009872437,0.2984254062175751,0.2847241163253784,0.2829671800136566]","50000","0.6696261546499167","0.5033373785644208","0.5706914343703661","0.8100585935522318","173.63064575195312","1","0"
"spiked-rho0.00-adaptive_elastic_net_sweep030-seed0","finished","-","","model=adaptive_elastic_net_sweep030, regularization-sweep, rho=0.00, seed=0, spiked, topk-sweep","2026-07-24T23:32:40.000Z","184","","256","cuda","2.587843179702759","2.3587522506713867","0.14902976155281067","0.6171740293502808","0.0326528325676918","0.881973385810852","1.372418761253357","3.2950780391693115","0.28855496644973755","0.049951232969760895","0","torch.float32","0.001","500","10000","806554886","0.806554886","AdaptiveElasticNetSAE","adaptive_elastic_net_sweep030","50000","0","0","10000","979.53125","6.1451029777526855","2.2151739597320557","0.36047792434692383","5.338212013244629","0.028197988867759705","85.71428571428571","0.8571428571428571","1.26953125","0.3113127648830414","0.21698668599128723","0.19200769066810608","0.21390245854854584","0.24737462401390076","0.02193210646510124","0.3113127648830414","0.05053800344467163","0","1024","1024","0.08223891258239746","13.546703338623049","0.648668110370636","0.523898720741272","13.571759223937988","22.8984375","0.5922496318817139","0.1781342327594757","0.07005229592323303","0.015115869231522083","0.09296606481075288","0.1781342327594757","0.18906711041927335","0.21698668599128723","40327744300000","40.3277443","[102,386,525,537,725]","[0.3085901737213135,0.3026375472545624,0.30181175470352173,0.2977392077445984,0.2899673581123352]","50000","0.6615781458401159","0.4942977190134607","0.5619242578365874","0.8041992185536623","184.52951049804688","1","0"
"spiked-rho0.00-adaptive_elastic_net_sweep029-seed0","finished","-","","model=adaptive_elastic_net_sweep029, regularization-sweep, rho=0.00, seed=0, spiked, topk-sweep","2026-07-24T23:29:28.000Z","191","","256","cuda","2.587843179702759","2.3587522506713867","0.14902976155281067","0.6171740293502808","0.0326528325676918","0.881973385810852","1.372418761253357","3.2950780391693115","0.28855496644973755","0.049951232969760895","0","torch.float32","0.001","500","10000","806554886","0.806554886","AdaptiveElasticNetSAE","adaptive_elastic_net_sweep029","50000","0","0","10000","1.000306248664856","1.0793901681900024","1.0381795167922974","0.961820423603058","8.296956062316895","0.06754307448863983","7.470511140235911","0.07470511140235911","71.09375","0.6062620282173157","0.22824861109256744","0.19938774406909943","0.22410310804843905","0.2603127658367157","0.02935214899480343","0.6062620282173157","0.05307452008128166","0","1024","1024","0.13539230823516846","17.61449432373047","0.006865322589874268","0.12855775654315948","3.256237506866455","0.6484375","0.4084458351135254","0.2636953294277191","0.00020426946866791695","0.00038101058453321457","0.26311004161834717","0.2636953294277191","0.010364695452153684","0.22824861109256744","40327744300000","40.3277443","[298,872,324,24,471]","[0.10361713171005248,0.08892638236284256,0.08839444816112518,0.08517295122146606,0.08345415443181992]","50000","0.0009384516552296508","0.00046948356796490994","0.012048192698504864","0.0004882812498807906","10.603083610534668","1","0"
"spiked-rho0.00-adaptive_elastic_net_sweep028-seed0","finished","-","","model=adaptive_elastic_net_sweep028, regularization-sweep, rho=0.00, seed=0, spiked, topk-sweep","2026-07-24T23:26:20.000Z","187","","256","cuda","2.587843179702759","2.3587522506713867","0.14902976155281067","0.6171740293502808","0.0326528325676918","0.881973385810852","1.372418761253357","3.2950780391693115","0.28855496644973755","0.049951232969760895","0","torch.float32","0.001","500","10000","806554886","0.806554886","AdaptiveElasticNetSAE","adaptive_elastic_net_sweep028","50000","0","0","10000","5.000061511993408","1.062020182609558","1.0285604000091553","0.9684942364692688","8.416007995605469","0.06949461251497269","9.517241379310343","0.09517241379310344","66.796875","0.3632203340530395","0.23485440015792847","0.2035738080739975","0.23048171401023865","0.2742575705051422","0.0275138970464468","0.3632203340530395","0.0546029657125473","0","1024","1024","0.15281689167022705","18.56230926513672","0.03057396411895752","0.16250361502170563","6.67578649520874","3.38671875","0.5805193185806274","0.2628031075000763","0.0009672860614955424","0.0017395908944308758","0.2600962221622467","0.2628031075000763","0.043825626373291016","0.23485440015792847","40327744300000","40.3277443","[563,505,54,687,928]","[0.2166779339313507,0.18991541862487793,0.1876298636198044,0.18757489323616028,0.15978902578353882]","50000","0.005238478538277981","0.002626262625732068","0.014994232970018184","0.0031738281242251394","44.6583137512207","1","0.0049067712388932705"
"spiked-rho0.00-adaptive_elastic_net_sweep027-seed0","finished","-","","model=adaptive_elastic_net_sweep027, regularization-sweep, rho=0.00, seed=0, spiked, topk-sweep","2026-07-24T23:22:59.000Z","200","","256","cuda","2.587843179702759","2.3587522506713867","0.14902976155281067","0.6171740293502808","0.0326528325676918","0.881973385810852","1.372418761253357","3.2950780391693115","0.28855496644973755","0.049951232969760895","0","torch.float32","0.001","500","10000","806554886","0.806554886","AdaptiveElasticNetSAE","adaptive_elastic_net_sweep027","50000","0","0","10000","984.2754516601562","5.299897193908691","1.9757184982299805","0.3727843165397644","5.273251056671143","0.02744361385703087","12.5","0.125","1.26953125","0.2924657166004181","0.21727293729782104","0.19149401783943176","0.21423500776290896","0.2449926733970642","0.02220555767416954","0.2924657166004181","0.050513871014118195","0","1024","1024","0.07400286197662354","12.853826522827148","0.663325309753418","0.5347638726234436","12.453067779541016","23.78125","0.5853601694107056","0.17621327936649325","0.07062236964702606","0.015792950987815857","0.08979795128107071","0.17621327936649325","0.15741492807865143","0.21727293729782104","40327744300000","40.3277443","[361,246,582,552,0]","[0.3200302720069885,0.2672356963157654,0.2646021246910095,0.2638704478740692,0.2609917223453522]","50000","0.6571087098888357","0.4893243637775191","0.5496057817756889","0.8168945310505628","154.89630126953125","1","0"
"spiked-rho0.00-adaptive_elastic_net_sweep026-seed0","finished","-","","model=adaptive_elastic_net_sweep026, regularization-sweep, rho=0.00, seed=0, spiked, topk-sweep","2026-07-24T23:19:36.000Z","202","","256","cuda","2.587843179702759","2.3587522506713867","0.14902976155281067","0.6171740293502808","0.0326528325676918","0.881973385810852","1.372418761253357","3.2950780391693115","0.28855496644973755","0.049951232969760895","0","torch.float32","0.001","500","10000","806554886","0.806554886","AdaptiveElasticNetSAE","adaptive_elastic_net_sweep026","50000","0","0","10000","978.79443359375","6.207411766052246","2.240260124206543","0.3609008491039276","5.339683532714844","0.02819357067346573","100","1","1.07421875","0.2955157160758972","0.2169800400733948","0.19231803715229032","0.21386253833770752","0.24695663154125216","0.021488452330231667","0.2955157160758972","0.05049905553460121","0","1024","1024","0.08130109310150146","13.474973678588867","0.6533074378967285","0.5277594327926636","12.878374099731444","23.59375","0.5777875185012817","0.17458058893680573","0.06834632903337479","0.01516177412122488","0.09107248485088348","0.17458058893680573","0.1690891534090042","0.2169800400733948","40327744300000","40.3277443","[984,940,951,381,10]","[0.2870659828186035,0.2707183361053467,0.26888519525527954,0.26841530203819275,0.2675071954727173]","50000","0.6487761559912727","0.4801401868457739","0.5443708608370247","0.8027343748040199","165.87646484375","1","0"
"spiked-rho0.00-adaptive_elastic_net_sweep025-seed0","finished","-","","model=adaptive_elastic_net_sweep025, regularization-sweep, rho=0.00, seed=0, spiked, topk-sweep","2026-07-24T23:16:30.000Z","185","","256","cuda","2.587843179702759","2.3587522506713867","0.14902976155281067","0.6171740293502808","0.0326528325676918","0.881973385810852","1.372418761253357","3.2950780391693115","0.28855496644973755","0.049951232969760895","0","torch.float32","0.001","500","10000","806554886","0.806554886","AdaptiveElasticNetSAE","adaptive_elastic_net_sweep025","50000","0","0","10000","918.6357421875","4.871161937713623","2.0060391426086426","0.4118194282054901","5.389242649078369","0.028689108788967133","63.63636363636363","0.6363636363636364","1.5625","0.29540109634399414","0.21665087342262268","0.19118021428585052","0.2145209014415741","0.24498188495635984","0.02112063765525818","0.29540109634399414","0.05058017373085022","0","1024","1024","0.0893966555595398","14.19179630279541","0.6413213014602661","0.5154625177383423","12.496026039123535","22.40234375","0.592229962348938","0.18162132799625397","0.07105746120214462","0.014779229648411274","0.09578464925289154","0.18162132799625397","0.1582716554403305","0.21665087342262268","40327744300000","40.3277443","[1022,163,514,705,612]","[0.261150062084198,0.2606092691421509,0.2601171135902405,0.2593129277229309,0.25711074471473694]","50000","0.6703280662992392","0.5041309668751329","0.5745422841195218","0.8044433591786027","155.73931884765625","1","0"
"spiked-rho0.00-adaptive_elastic_net_sweep024-seed0","finished","-","","model=adaptive_elastic_net_sweep024, regularization-sweep, rho=0.00, seed=0, spiked, topk-sweep","2026-07-24T23:13:30.000Z","179","","256","cuda","2.587843179702759","2.3587522506713867","0.14902976155281067","0.6171740293502808","0.0326528325676918","0.881973385810852","1.372418761253357","3.2950780391693115","0.28855496644973755","0.049951232969760895","0","torch.float32","0.001","500","10000","806554886","0.806554886","AdaptiveElasticNetSAE","adaptive_elastic_net_sweep024","50000","0","0","10000","920.4373779296876","7.083381175994873","2.1487815380096436","0.30335533618927","5.351701736450195","0.028292924165725708","60","0.6","1.171875","0.338924765586853","0.21762901544570923","0.1921309232711792","0.21268075704574585","0.24736425280570984","0.024000514298677444","0.338924765586853","0.05057154595851898","0","1024","1024","0.08746445178985596","14.096674919128418","0.6500066518783569","0.5253381133079529","13.211836814880373","23.03515625","0.5877549648284912","0.1788739264011383","0.07048133760690689","0.015230590477585793","0.09316198527812958","0.1788739264011383","0.1777256578207016","0.21762901544570923","40327744300000","40.3277443","[435,88,723,389,698]","[0.3031467795372009,0.2836031913757324,0.2769477367401123,0.27585601806640625,0.2724376320838928]","50000","0.6552581971867014","0.4872748920245163","0.5551975579862307","0.7993164060548543","173.993408203125","1","0"
"spiked-rho0.00-adaptive_elastic_net_sweep023-seed0","finished","-","","model=adaptive_elastic_net_sweep023, regularization-sweep, rho=0.00, seed=0, spiked, topk-sweep","2026-07-24T23:10:12.000Z","198","","256","cuda","2.587843179702759","2.3587522506713867","0.14902976155281067","0.6171740293502808","0.0326528325676918","0.881973385810852","1.372418761253357","3.2950780391693115","0.28855496644973755","0.049951232969760895","0","torch.float32","0.001","500","10000","806554886","0.806554886","AdaptiveElasticNetSAE","adaptive_elastic_net_sweep023","50000","0","0","10000","960.650390625","1.2169383764266968","1.1035670042037964","0.9068388938903807","8.266214370727539","0.06707863509654999","61.76470588235294","0.6176470588235294","11.5234375","0.3211880624294281","0.23164893686771393","0.20558856427669525","0.22869226336479187","0.2615238428115845","0.02282282337546349","0.3211880624294281","0.05406979471445083","0","1024","1024","0.7524231672286987","43.09685134887695","0.0135955810546875","0.13037756085395813","4.543349742889404","0.390625","0.20939481258392337","0.26478829979896545","0.002549629658460617","0.000027588039301917888","0.2622110843658447","0.26478829979896545","0.020210368558764458","0.23164893686771393","40327744300000","40.3277443","[167,763,913,800,599]","[0.1096460297703743,0.08372238278388977,0.07991169393062592,0.07363298535346985,0.07230700552463531]","50000","0.02907526327659776","0.014752116078657286","0.6099999939","0.014892578121364117","20.614574432373047","1","0"
"spiked-rho0.00-adaptive_elastic_net_sweep022-seed0","finished","-","","model=adaptive_elastic_net_sweep022, regularization-sweep, rho=0.00, seed=0, spiked, topk-sweep","2026-07-24T23:06:57.000Z","195","","256","cuda","2.587843179702759","2.3587522506713867","0.14902976155281067","0.6171740293502808","0.0326528325676918","0.881973385810852","1.372418761253357","3.2950780391693115","0.28855496644973755","0.049951232969760895","0","torch.float32","0.001","500","10000","806554886","0.806554886","AdaptiveElasticNetSAE","adaptive_elastic_net_sweep022","50000","0","0","10000","495.9445495605469","1.334558129310608","1.1414903402328491","0.8553320169448853","8.29477310180664","0.06752997636795044","57.971014492753625","0.5797101449275363","11.328125","0.34752359986305237","0.232818141579628","0.2046264111995697","0.2313460111618042","0.26052916049957275","0.02292625606060028","0.34752359986305237","0.05475865304470062","0","1024","1024","0.7550757080316544","43.13103485107422","0.04354268312454224","0.1709192544221878","7.196451663970947","3.03515625","0.5419921278953552","0.26076579093933105","0.006391183473169804","0.00014802398800384253","0.25422656536102295","0.26076579093933105","0.05095187574625015","0.232818141579628","40327744300000","40.3277443","[695,455,487,877,1004]","[0.15117022395133972,0.14142966270446777,0.14133688807487488,0.13502638041973114,0.1337534636259079]","50000","0.032012865530937344","0.016266944730705536","0.10038610025690337","0.019042968745350837","51.76710510253906","1","0"
"spiked-rho0.00-adaptive_elastic_net_sweep021-seed0","finished","-","","model=adaptive_elastic_net_sweep021, regularization-sweep, rho=0.00, seed=0, spiked, topk-sweep","2026-07-24T23:03:42.000Z","195","","256","cuda","2.587843179702759","2.3587522506713867","0.14902976155281067","0.6171740293502808","0.0326528325676918","0.881973385810852","1.372418761253357","3.2950780391693115","0.28855496644973755","0.049951232969760895","0","torch.float32","0.001","500","10000","806554886","0.806554886","AdaptiveElasticNetSAE","adaptive_elastic_net_sweep021","50000","0","0","10000","1.000570297241211","1.0025800466537476","1.0012882947921753","0.9987115859985352","8.355414390563965","0.06851807236671448","54.65116279069767","0.5465116279069767","12.59765625","0.3515862226486206","0.23721277713775635","0.20854656398296356","0.23302164673805237","0.27070361375808716","0.02527355775237083","0.3515862226486206","0.05707168951630592","0","1024","1024","0.7627799808979034","44.00636291503906","0.007864415645599365","0.1336309164762497","3.740234613418579","0.6640625","0.5283520221710205","0.26832258701324463","0.0005284406361170113","0.00006211028812685981","0.26773202419281006","0.26832258701324463","0.013674833811819552","0.23721277713775635","40327744300000","40.3277443","[651,971,1017,15,711]","[0.1236128956079483,0.1030937060713768,0.09515371173620224,0.09389122575521468,0.09368632733821868]","50000","0.0004687467419899494","0.00023446658845616256","0.005882352906574395","0.00024414062494039536","13.989355087280272","1","0"
"spiked-rho0.00-adaptive_elastic_net_sweep020-seed0","finished","-","","model=adaptive_elastic_net_sweep020, regularization-sweep, rho=0.00, seed=0, spiked, topk-sweep","2026-07-24T23:00:29.000Z","192","","256","cuda","2.587843179702759","2.3587522506713867","0.14902976155281067","0.6171740293502808","0.0326528325676918","0.881973385810852","1.372418761253357","3.2950780391693115","0.28855496644973755","0.049951232969760895","0","torch.float32","0.001","500","10000","806554886","0.806554886","AdaptiveElasticNetSAE","adaptive_elastic_net_sweep020","50000","0","0","10000","7.981505393981934","1.1045629978179932","1.0565052032470703","0.9564915895462036","8.4102783203125","0.06939271092414856","73.33333333333333","0.7333333333333333","9.5703125","0.4790171980857849","0.35540318489074707","0.3080233633518219","0.35566312074661255","0.4032578766345978","0.03811676800251007","0.4790171980857849","0.1620124578475952","0","1024","1024","0.7729752659797668","44.73793411254883","0.04776203632354736","0.1985303908586502","12.606464385986328","4.7890625","0.6389465928077698","0.25580069422721863","0.004832422826439142","0.0003027415950782597","0.250665545463562","0.25580069422721863","0.15295644104480743","0.35540318489074707","40327744300000","40.3277443","[360,936,503,546,602]","[0.4200428724288941,0.35513949394226074,0.30789509415626526,0.3051086366176605,0.3016582727432251]","50000","0.009770408286876493","0.004909365557985391","0.0212071777967315","0.006347656248450279","155.40374755859375","1","0"
"spiked-rho0.00-adaptive_elastic_net_sweep019-seed0","finished","-","","model=adaptive_elastic_net_sweep019, regularization-sweep, rho=0.00, seed=0, spiked, topk-sweep","2026-07-24T22:57:28.000Z","180","","256","cuda","2.587843179702759","2.3587522506713867","0.14902976155281067","0.6171740293502808","0.0326528325676918","0.881973385810852","1.372418761253357","3.2950780391693115","0.28855496644973755","0.049951232969760895","0","torch.float32","0.001","500","10000","806554886","0.806554886","AdaptiveElasticNetSAE","adaptive_elastic_net_sweep019","50000","0","0","10000","961.44921875","1.3709336519241333","1.1536383628845217","0.8414983153343201","8.250005722045898","0.06680256873369217","52.77777777777778","0.5277777777777778","11.62109375","0.3219655454158783","0.2305094003677368","0.2044493854045868","0.22870370745658877","0.2579675316810608","0.02264552377164364","0.3219655454158783","0.054220087826251984","0","1024","1024","0.7555584460496902","43.10944747924805","0.013475418090820312","0.12921305000782013","3.723366022109986","0.41015625","0.2053524404764175","0.26450273394584656","0.0024831790942698717","0.000027465432140161283","0.26199206709861755","0.26450273394584656","0.013543195091187954","0.2305094003677368","40327744300000","40.3277443","[343,326,945,890,479]","[0.08312300592660904,0.07020732015371323,0.06766483187675476,0.06349757313728333,0.05763454735279083]","50000","0.02856457871744075","0.014489253799930149","0.5714285659863946","0.01464843749642372","13.82760238647461","1","0"
"spiked-rho0.00-adaptive_elastic_net_sweep018-seed0","finished","-","","model=adaptive_elastic_net_sweep018, regularization-sweep, rho=0.00, seed=0, spiked, topk-sweep","2026-07-24T22:54:21.000Z","186","","256","cuda","2.587843179702759","2.3587522506713867","0.14902976155281067","0.6171740293502808","0.0326528325676918","0.881973385810852","1.372418761253357","3.2950780391693115","0.28855496644973755","0.049951232969760895","0","torch.float32","0.001","500","10000","806554886","0.806554886","AdaptiveElasticNetSAE","adaptive_elastic_net_sweep018","50000","0","0","10000","880.1563720703125","1.3032630681991575","1.1151667833328247","0.8556728363037109","8.24334716796875","0.06672850251197815","71.7948717948718","0.717948717948718","9.86328125","0.35560962557792664","0.2314637154340744","0.20499727129936215","0.22845488786697388","0.26238876581192017","0.024562710896134377","0.35560962557792664","0.05449006333947182","0","1024","1024","0.7523475885391235","42.8033561706543","0.02610534429550171","0.14354710280895233","5.318243503570557","1.16796875","0.356029748916626","0.2621016800403595","0.004451117943972349","0.00006134164868853986","0.2575892210006714","0.2621016800403595","0.02770146355032921","0.2314637154340744","40327744300000","40.3277443","[295,330,927,968,434]","[0.11267037689685822,0.10611974447965622,0.10066167265176772,0.10030695796012878,0.09878738224506378]","50000","0.03959031686135418","0.02019498606773561","0.29096989869240836","0.021240234369814395","28.22779083251953","1","0"
"spiked-rho0.00-adaptive_elastic_net_sweep017-seed0","finished","-","","model=adaptive_elastic_net_sweep017, regularization-sweep, rho=0.00, seed=0, spiked, topk-sweep","2026-07-24T22:51:08.000Z","192","","256","cuda","2.587843179702759","2.3587522506713867","0.14902976155281067","0.6171740293502808","0.0326528325676918","0.881973385810852","1.372418761253357","3.2950780391693115","0.28855496644973755","0.049951232969760895","0","torch.float32","0.001","500","10000","806554886","0.806554886","AdaptiveElasticNetSAE","adaptive_elastic_net_sweep017","50000","0","0","10000","1.001518726348877","1.0932801961898804","1.044561743736267","0.9554382562637328","8.365179061889648","0.06864169239997864","60","0.6","11.1328125","0.334552526473999","0.22548361122608185","0.19943515956401825","0.22200413048267365","0.25580912828445435","0.0226571187376976","0.334552526473999","0.05318894237279892","0","1024","1024","0.7684873938560486","44.05638885498047","0.004684627056121826","0.12515324354171753","3.627067804336548","0.42578125","0.23245520889759064","0.2688281536102295","0.0007352453540079296","0.000020847937776125036","0.2680720388889313","0.2688281536102295","0.012859846465289593","0.22548361122608185","40327744300000","40.3277443","[1,329,657,898,284]","[0.1119253635406494,0.10279874503612518,0.09112028032541276,0.08351734280586243,0.07913988083600998]","50000","0.0009511980167086654","0.0004758505828037471","0.018348623684875012","0.0004882812498807906","13.155622482299805","1","0"
"spiked-rho0.00-adaptive_elastic_net_sweep016-seed0","finished","-","","model=adaptive_elastic_net_sweep016, regularization-sweep, rho=0.00, seed=0, spiked, topk-sweep","2026-07-24T22:47:51.000Z","196","","256","cuda","2.587843179702759","2.3587522506713867","0.14902976155281067","0.6171740293502808","0.0326528325676918","0.881973385810852","1.372418761253357","3.2950780391693115","0.28855496644973755","0.049951232969760895","0","torch.float32","0.001","500","10000","806554886","0.806554886","AdaptiveElasticNetSAE","adaptive_elastic_net_sweep016","50000","0","0","10000","7.907111644744873","1.1564903259277344","1.0688409805297852","0.9242109060287476","8.366908073425293","0.06867319345474243","65.82278481012658","0.6582278481012658","12.01171875","0.3791891634464264","0.2639632821083069","0.22680534422397616","0.2622525095939636","0.30263808369636536","0.030326247215270996","0.3791891634464264","0.07378695160150528","0","1024","1024","0.7701272517442703","44.27421569824219","0.02793985605239868","0.15040050446987152","8.226120948791504","2.39453125","0.4406164288520813","0.26568102836608887","0.004476919770240784","0.00008755159069551155","0.26111656427383423","0.26568102836608887","0.0660664513707161","0.2639632821083069","40327744300000","40.3277443","[826,986,698,506,864]","[0.2218765914440155,0.18016375601291656,0.17965754866600037,0.1752716898918152,0.17412348091602323]","50000","0.008069427396448952","0.004051172707025336","0.03099510598532609","0.004638671873867512","67.25564575195312","1","0"
"spiked-rho0.00-adaptive_elastic_net_sweep015-seed0","finished","-","","model=adaptive_elastic_net_sweep015, regularization-sweep, rho=0.00, seed=0, spiked, topk-sweep","2026-07-24T22:44:10.000Z","214","","256","cuda","2.587843179702759","2.3587522506713867","0.14902976155281067","0.6171740293502808","0.0326528325676918","0.881973385810852","1.372418761253357","3.2950780391693115","0.28855496644973755","0.049951232969760895","0","torch.float32","0.001","500","10000","806554886","0.806554886","AdaptiveElasticNetSAE","adaptive_elastic_net_sweep015","50000","0","0","10000","970.1010131835938","1.0710893869400024","1.0343247652053833","0.9656754732131958","8.244186401367188","0.06666736304759979","61.904761904761905","0.6190476190476191","11.1328125","0.31919610500335693","0.2296065092086792","0.2042546719312668","0.22798117995262143","0.2588082551956177","0.02194470912218094","0.31919610500335693","0.05407785624265671","0","1024","1024","0.7529105544090271","42.97629928588867","0.016708433628082275","0.13103549182415009","3.0492074489593506","0.49609375","0.23542827367782593","0.2667032480239868","0.002992116380482912","0.0001532066526124254","0.26355791091918945","0.2667032480239868","0.009097052738070488","0.2296065092086792","40327744300000","40.3277443","[30,105,670,831,591]","[0.050134118646383286,0.0489259772002697,0.047949038445949554,0.044339459389448166,0.041391391307115555]","50000","0.04025568400627262","0.020541324306297407","0.6692913333126667","0.020751953119933605","9.29718780517578","1","0"
"spiked-rho0.00-adaptive_elastic_net_sweep014-seed0","finished","-","","model=adaptive_elastic_net_sweep014, regularization-sweep, rho=0.00, seed=0, spiked, topk-sweep","2026-07-24T22:41:06.000Z","183","","256","cuda","2.587843179702759","2.3587522506713867","0.14902976155281067","0.6171740293502808","0.0326528325676918","0.881973385810852","1.372418761253357","3.2950780391693115","0.28855496644973755","0.049951232969760895","0","torch.float32","0.001","500","10000","806554886","0.806554886","AdaptiveElasticNetSAE","adaptive_elastic_net_sweep014","50000","0","0","10000","628.5440673828125","1.4710912704467771","1.200445294380188","0.8160236477851868","8.358285903930664","0.06848570704460144","68.05555555555556","0.6805555555555556","11.81640625","0.34284505248069763","0.23187081515789032","0.2060638666152954","0.22742709517478943","0.26241335272789","0.02413218095898628","0.34284505248069763","0.054244183003902435","0","1024","1024","0.7555968016386032","43.17827224731445","0.04105532169342041","0.1598673164844513","6.765048027038574","3.07421875","0.4339298605918884","0.2645838260650635","0.006163111887872219","0.0005674018175341189","0.25785329937934875","0.2645838260650635","0.0446874275803566","0.23187081515789032","40327744300000","40.3277443","[78,668,785,16,277]","[0.16366168856620789,0.13957412540912628,0.12719890475273132,0.12712650001049042,0.12675341963768005]","50000","0.0339952241708602","0.017291666663064236","0.10546378639712352","0.02026367187005281","45.447113037109375","1","0"
"spiked-rho0.00-adaptive_elastic_net_sweep013-seed0","finished","-","","model=adaptive_elastic_net_sweep013, regularization-sweep, rho=0.00, seed=0, spiked, topk-sweep","2026-07-24T22:37:44.000Z","199","","256","cuda","2.587843179702759","2.3587522506713867","0.14902976155281067","0.6171740293502808","0.0326528325676918","0.881973385810852","1.372418761253357","3.2950780391693115","0.28855496644973755","0.049951232969760895","0","torch.float32","0.001","500","10000","806554886","0.806554886","AdaptiveElasticNetSAE","adaptive_elastic_net_sweep013","50000","0","0","10000","1.0007747411727903","1.138329267501831","1.064690351486206","0.935309648513794","8.27813720703125","0.06724553555250168","64.63414634146342","0.6463414634146342","14.35546875","0.3849688768386841","0.2336317747831345","0.20705991983413696","0.23055943846702576","0.2637530565261841","0.024660659953951836","0.3849688768386841","0.05548714101314545","0","1024","1024","0.7683431506156921","44.40716552734375","0.006362497806549072","0.12918907403945923","4.815013408660889","0.6640625","0.4117806553840637","0.26299771666526794","0.00042332394514232874","0.00019579834770411253","0.26237860321998596","0.26299771666526794","0.022611450403928757","0.2336317747831345","40327744300000","40.3277443","[738,1009,170,152,338]","[0.14822722971439362,0.1281038075685501,0.11957447230815887,0.11461178958415984,0.11118558794260024]","50000","0","0","0","0","23.108901977539062","1","0"
"spiked-rho0.00-adaptive_elastic_net_sweep012-seed0","finished","-","","model=adaptive_elastic_net_sweep012, regularization-sweep, rho=0.00, seed=0, spiked, topk-sweep","2026-07-24T22:34:49.000Z","175","","256","cuda","2.587843179702759","2.3587522506713867","0.14902976155281067","0.6171740293502808","0.0326528325676918","0.881973385810852","1.372418761253357","3.2950780391693115","0.28855496644973755","0.049951232969760895","0","torch.float32","0.001","500","10000","806554886","0.806554886","AdaptiveElasticNetSAE","adaptive_elastic_net_sweep012","50000","0","0","10000","8.986187934875488","1.1169288158416748","1.0555782318115234","0.9450721144676208","8.393013000488281","0.06912104785442352","69.23076923076923","0.6923076923076923","9.9609375","0.5068015456199646","0.34670203924179077","0.2988399267196655","0.34624651074409485","0.3944304883480072","0.038751088082790375","0.5068015456199646","0.1520533561706543","0","1024","1024","0.772312268614769","44.75825881958008","0.050168514251708984","0.1887972205877304","12.428393363952637","4.72265625","0.5486100316047668","0.2565353214740753","0.004627897869795561","0.0011707762023434043","0.25073665380477905","0.2565353214740753","0.15068261325359344","0.34670203924179077","40327744300000","40.3277443","[644,714,802,927,772]","[0.394976407289505,0.32362687587738037,0.3107426166534424,0.3091365098953247,0.3069734573364258]","50000","0.009801721603259398","0.004925175221647059","0.02150537632629828","0.006347656248450279","153.09353637695312","1","0"
"spiked-rho0.00-adaptive_elastic_net_sweep011-seed0","finished","-","","model=adaptive_elastic_net_sweep011, regularization-sweep, rho=0.00, seed=0, spiked, topk-sweep","2026-07-24T22:31:40.000Z","188","","256","cuda","2.587843179702759","2.3587522506713867","0.14902976155281067","0.6171740293502808","0.0326528325676918","0.881973385810852","1.372418761253357","3.2950780391693115","0.28855496644973755","0.049951232969760895","0","torch.float32","0.001","500","10000","806554886","0.806554886","AdaptiveElasticNetSAE","adaptive_elastic_net_sweep011","50000","0","0","10000","972.1672973632812","1.371918797492981","1.1465535163879397","0.8357298374176025","8.222939491271973","0.06630558520555496","65.15151515151516","0.6515151515151515","11.5234375","0.317454993724823","0.23089438676834104","0.2041042298078537","0.22761796414852145","0.2612570822238922","0.02339593507349491","0.317454993724823","0.05419231206178665","0","1024","1024","0.7542557716369629","43.095943450927734","0.012953221797943115","0.12840573489665985","4.322525978088379","0.44140625","0.18995003402233124","0.26295092701911926","0.0023146159946918488","0.000111557194031775","0.2605247497558594","0.26295092701911926","0.0182892307639122","0.23089438676834104","40327744300000","40.3277443","[68,964,835,332,234]","[0.09785080701112749,0.07839685678482056,0.0749732255935669,0.072018101811409,0.07091404497623444]","50000","0.034212349726629544","0.017403915876866346","0.6371681359542642","0.017578124995708464","18.655014038085938","1","0"
"spiked-rho0.00-adaptive_elastic_net_sweep010-seed0","finished","-","","model=adaptive_elastic_net_sweep010, regularization-sweep, rho=0.00, seed=0, spiked, topk-sweep","2026-07-24T22:28:36.000Z","183","","256","cuda","2.587843179702759","2.3587522506713867","0.14902976155281067","0.6171740293502808","0.0326528325676918","0.881973385810852","1.372418761253357","3.2950780391693115","0.28855496644973755","0.049951232969760895","0","torch.float32","0.001","500","10000","806554886","0.806554886","AdaptiveElasticNetSAE","adaptive_elastic_net_sweep010","50000","0","0","10000","904.76953125","1.3662900924682615","1.170712947845459","0.8568553328514099","8.258468627929688","0.06690167635679245","59.77011494252874","0.5977011494252874","11.81640625","0.3083905875682831","0.23250961303710935","0.2068980634212494","0.22949084639549255","0.26290348172187805","0.021873826161026955","0.3083905875682831","0.054428379982709885","0","1024","1024","0.7548977881669998","42.85628128051758","0.021806299686431885","0.13696837425231934","5.38853120803833","1.35546875","0.2771124243736267","0.2630999982357025","0.003744440386071801","0.00021652813302353024","0.2591390311717987","0.2630999982357025","0.02828551270067692","0.23250961303710935","40327744300000","40.3277443","[156,508,431,832,158]","[0.11038324236869812,0.10808167606592178,0.10373489558696748,0.0997767448425293,0.0977800041437149]","50000","0.03196024311065181","0.016239707224098877","0.2046109504189886","0.01733398437076807","28.82293701171875","1","0"
"spiked-rho0.00-adaptive_elastic_net_sweep009-seed0","finished","-","","model=adaptive_elastic_net_sweep009, regularization-sweep, rho=0.00, seed=0, spiked, topk-sweep","2026-07-24T22:25:33.000Z","182","","256","cuda","2.587843179702759","2.3587522506713867","0.14902976155281067","0.6171740293502808","0.0326528325676918","0.881973385810852","1.372418761253357","3.2950780391693115","0.28855496644973755","0.049951232969760895","0","torch.float32","0.001","500","10000","806554886","0.806554886","AdaptiveElasticNetSAE","adaptive_elastic_net_sweep009","50000","0","0","10000","1.0017352104187012","1.3898813724517822","1.1631383895874023","0.8368616104125977","8.3378267288208","0.06820172816514969","54.45544554455446","0.5445544554455446","14.2578125","0.31028157472610474","0.2260596603155136","0.20067301392555237","0.22378914058208463","0.254471093416214","0.02194780670106411","0.31028157472610474","0.05325739085674286","0","1024","1024","0.7582353353500366","43.514461517333984","0.004069685935974121","0.12210899591445924","3.6532490253448486","0.38671875","0.17290504276752472","0.26745352149009705","0.0005663349875248969","0.00006819710688432679","0.2668190002441406","0.26745352149009705","0.013046166859567164","0.2260596603155136","40327744300000","40.3277443","[450,813,1001,754,756]","[0.096274696290493,0.09211930632591248,0.08740118891000748,0.08512229472398758,0.08433127403259277]","50000","0","0","0","0","13.34622859954834","1","0"
"spiked-rho0.00-adaptive_elastic_net_sweep008-seed0","finished","-","","model=adaptive_elastic_net_sweep008, regularization-sweep, rho=0.00, seed=0, spiked, topk-sweep","2026-07-24T22:22:14.000Z","198","","256","cuda","2.587843179702759","2.3587522506713867","0.14902976155281067","0.6171740293502808","0.0326528325676918","0.881973385810852","1.372418761253357","3.2950780391693115","0.28855496644973755","0.049951232969760895","0","torch.float32","0.001","500","10000","806554886","0.806554886","AdaptiveElasticNetSAE","adaptive_elastic_net_sweep008","50000","0","0","10000","9.849772453308104","1.2304226160049438","1.0888088941574097","0.8849064707756042","8.326047897338867","0.06801202893257141","53.84615384615385","0.5384615384615384","12.79296875","0.3636946678161621","0.2550710439682007","0.22064436972141263","0.25292932987213135","0.2909989655017853","0.02847275510430336","0.3636946678161621","0.06714869290590286","0","1024","1024","0.7720204293727875","44.40022277832031","0.03124678134918213","0.15217728912830353","7.749514579772949","2.6015625","0.4115942120552063","0.26421114802360535","0.0048996638506650925","0.00040289846947416663","0.25890859961509705","0.26421114802360535","0.05934750288724899","0.2550710439682007","40327744300000","40.3277443","[726,820,90,518,39]","[0.26430168747901917,0.18441301584243777,0.1677023470401764,0.15953022241592407,0.15920528769493103]","50000","0.010919541010751018","0.0054898648637056865","0.03903903898042187","0.006347656248450279","60.41575622558594","1","0"
"spiked-rho0.00-adaptive_elastic_net_sweep007-seed0","finished","-","","model=adaptive_elastic_net_sweep007, regularization-sweep, rho=0.00, seed=0, spiked, topk-sweep","2026-07-24T22:18:52.000Z","201","","256","cuda","2.587843179702759","2.3587522506713867","0.14902976155281067","0.6171740293502808","0.0326528325676918","0.881973385810852","1.372418761253357","3.2950780391693115","0.28855496644973755","0.049951232969760895","0","torch.float32","0.001","500","10000","806554886","0.806554886","AdaptiveElasticNetSAE","adaptive_elastic_net_sweep007","50000","0","0","10000","978.0219116210938","1.1889925003051758","1.099677801132202","0.9248819947242736","8.200946807861328","0.06602124869823456","67.6056338028169","0.676056338028169","9.5703125","0.3072281777858734","0.229398250579834","0.20349304378032684","0.22707977890968323","0.2580990791320801","0.02160254679620266","0.3072281777858734","0.05390942841768265","0","1024","1024","0.7541177421808243","42.94197463989258","0.016667187213897705","0.13037142157554626","3.8707387447357178","0.51171875","0.2127192914485931","0.26096418499946594","0.0028716730885207653","0.0002550383214838803","0.2578374743461609","0.26096418499946594","0.01468152366578579","0.229398250579834","40327744300000","40.3277443","[85,985,736,264,10]","[0.06872760504484177,0.06831835955381393,0.0630047619342804,0.06258469074964523,0.06115610897541046]","50000","0.041163885980068","0.021014492748547223","0.6641221323349455","0.021240234369814395","14.989835739135742","1","0"
"spiked-rho0.00-adaptive_elastic_net_sweep006-seed0","finished","-","","model=adaptive_elastic_net_sweep006, regularization-sweep, rho=0.00, seed=0, spiked, topk-sweep","2026-07-24T22:15:27.000Z","204","","256","cuda","2.587843179702759","2.3587522506713867","0.14902976155281067","0.6171740293502808","0.0326528325676918","0.881973385810852","1.372418761253357","3.2950780391693115","0.28855496644973755","0.049951232969760895","0","torch.float32","0.001","500","10000","806554886","0.806554886","AdaptiveElasticNetSAE","adaptive_elastic_net_sweep006","50000","0","0","10000","818.4208374023438","1.470448613166809","1.2244446277618408","0.8327013850212097","8.351449012756348","0.06845177710056305","51.72413793103448","0.5172413793103449","12.6953125","0.3230355978012085","0.2320879101753235","0.20506593585014343","0.2278752326965332","0.26408225297927856","0.023750850930809975","0.3230355978012085","0.05439677834510803","0","1024","1024","0.7519688606262207","42.87068939208984","0.03688317537307739","0.14866705238819122","7.4047932624816895","2.625","0.3583497107028961","0.2666792869567871","0.005821696948260069","0.0007302723242901266","0.26012730598449707","0.2666792869567871","0.05371921509504318","0.2320879101753235","40327744300000","40.3277443","[345,725,417,678,355]","[0.15244194865226746,0.13659773766994476,0.13475115597248075,0.13111001253128052,0.12918400764465332]","50000","0.0385903618609231","0.01967493583839287","0.13690476170103458","0.022460937494516373","54.525001525878906","1","0"
"spiked-rho0.00-adaptive_elastic_net_sweep005-seed0","finished","-","","model=adaptive_elastic_net_sweep005, regularization-sweep, rho=0.00, seed=0, spiked, topk-sweep","2026-07-24T22:12:17.000Z","189","","256","cuda","2.587843179702759","2.3587522506713867","0.14902976155281067","0.6171740293502808","0.0326528325676918","0.881973385810852","1.372418761253357","3.2950780391693115","0.28855496644973755","0.049951232969760895","0","torch.float32","0.001","500","10000","806554886","0.806554886","AdaptiveElasticNetSAE","adaptive_elastic_net_sweep005","50000","0","0","10000","2.001251220703125","1.017262578010559","1.0085573196411133","0.9914424419403076","8.349365234375","0.06836997717618942","64.58333333333334","0.6458333333333334","12.109375","0.3726353943347931","0.24202579259872437","0.20970602333545685","0.23722931742668152","0.28238868713378906","0.029454419389367104","0.3726353943347931","0.05870138108730316","0","1024","1024","0.7718823850154877","44.311279296875","0.010151267051696776","0.13037137687206268","6.487879753112793","0.93359375","0.3537212014198303","0.26742878556251526","0.00093979446683079","0.0003714866761583835","0.26611751317977905","0.26742878556251526","0.040938299149274826","0.24202579259872437","40327744300000","40.3277443","[189,111,755,958,235]","[0.18829847872257233,0.1516740471124649,0.14663735032081604,0.14660046994686127,0.14607396721839905]","50000","0.003690783935125226","0.0018488560199101324","0.033472803207226766","0.001953124999523163","41.83894348144531","1","0"
"spiked-rho0.00-adaptive_elastic_net_sweep004-seed0","finished","-","","model=adaptive_elastic_net_sweep004, regularization-sweep, rho=0.00, seed=0, spiked, topk-sweep","2026-07-24T22:09:05.000Z","191","","256","cuda","2.587843179702759","2.3587522506713867","0.14902976155281067","0.6171740293502808","0.0326528325676918","0.881973385810852","1.372418761253357","3.2950780391693115","0.28855496644973755","0.049951232969760895","0","torch.float32","0.001","500","10000","806554886","0.806554886","AdaptiveElasticNetSAE","adaptive_elastic_net_sweep004","50000","0","0","10000","10.984121322631836","1.149646520614624","1.0780763626098633","0.9377459287643432","8.396665573120117","0.06917198747396469","64","0.64","12.40234375","0.4551677703857422","0.3363577425479889","0.2888980805873871","0.33740848302841187","0.3834029734134674","0.03685355931520462","0.4551677703857422","0.14113833010196686","0","1024","1024","0.7741335332393646","44.67217254638672","0.04683023691177368","0.17071278393268585","12.28222370147705","4.8515625","0.44353315234184265","0.26099392771720886","0.0047067804262042046","0.0015519262524321675","0.25473523139953613","0.26099392771720886","0.1458921581506729","0.3363577425479889","40327744300000","40.3277443","[582,426,550,307,679]","[0.30815356969833374,0.30514049530029297,0.3050515055656433,0.29638880491256714,0.29633182287216187]","50000","0.01311316859899957","0.00660003771325664","0.02818035424462129","0.008544921872913837","148.08053588867188","1","0"
"spiked-rho0.00-adaptive_elastic_net_sweep003-seed0","finished","-","","model=adaptive_elastic_net_sweep003, regularization-sweep, rho=0.00, seed=0, spiked, topk-sweep","2026-07-24T22:05:49.000Z","195","","256","cuda","2.587843179702759","2.3587522506713867","0.14902976155281067","0.6171740293502808","0.0326528325676918","0.881973385810852","1.372418761253357","3.2950780391693115","0.28855496644973755","0.049951232969760895","0","torch.float32","0.001","500","10000","806554886","0.806554886","AdaptiveElasticNetSAE","adaptive_elastic_net_sweep003","50000","0","0","10000","971.44482421875","1.5105788707733154","1.2229266166687012","0.8095748424530029","8.252498626708984","0.06679519265890121","64.28571428571429","0.6428571428571429","11.62109375","0.34463539719581604","0.22985529899597168","0.20402060449123385","0.2275862693786621","0.2603657841682434","0.022480100393295288","0.34463539719581604","0.05416770279407501","0","1024","1024","0.749646782875061","42.79636001586914","0.020219802856445312","0.1328958123922348","4.462395668029785","0.6015625","0.2411140501499176","0.26435500383377075","0.0034072750713676214","0.0003425259201321751","0.26060521602630615","0.26435500383377075","0.0193693432956934","0.22985529899597168","40327744300000","40.3277443","[906,92,996,146,293]","[0.08128899335861206,0.0715068131685257,0.06926214694976807,0.06749050319194794,0.06472615897655487]","50000","0.04423522425234517","0.022617901823239195","0.6103896064260416","0.02294921874439716","19.75672912597656","1","0"
"spiked-rho0.00-adaptive_elastic_net_sweep002-seed0","finished","-","","model=adaptive_elastic_net_sweep002, regularization-sweep, rho=0.00, seed=0, spiked, topk-sweep","2026-07-24T22:02:30.000Z","197","","256","cuda","2.587843179702759","2.3587522506713867","0.14902976155281067","0.6171740293502808","0.0326528325676918","0.881973385810852","1.372418761253357","3.2950780391693115","0.28855496644973755","0.049951232969760895","0","torch.float32","0.001","500","10000","806554886","0.806554886","AdaptiveElasticNetSAE","adaptive_elastic_net_sweep002","50000","0","0","10000","936.4360961914062","1.4709782600402832","1.209748387336731","0.8224107623100281","8.209415435791016","0.06612829864025116","64.55696202531645","0.6455696202531646","11.23046875","0.3044317364692688","0.22991201281547544","0.20403023064136505","0.2278065085411072","0.25742802023887634","0.02143871784210205","0.3044317364692688","0.05421905964612961","0","1024","1024","0.7490612268447876","42.9096794128418","0.022250473499298096","0.1354450136423111","4.927165508270264","1.06640625","0.2672496438026428","0.2619865834712982","0.003610088257119059","0.0003835430252365768","0.2579929530620575","0.2619865834712982","0.02366277575492859","0.22991201281547544","40327744300000","40.3277443","[611,144,552,193,11]","[0.08759084343910217,0.08312101662158966,0.07856367528438568,0.07712823152542114,0.07613267749547958]","50000","0.04303032456683924","0.021988304088423782","0.34432234306109033","0.02294921874439716","24.112367630004883","1","0"
"spiked-rho0.00-adaptive_elastic_net_sweep001-seed0","finished","-","","model=adaptive_elastic_net_sweep001, regularization-sweep, rho=0.00, seed=0, spiked, topk-sweep","2026-07-24T21:58:28.000Z","242","","256","cuda","2.587843179702759","2.3587522506713867","0.14902976155281067","0.6171740293502808","0.0326528325676918","0.881973385810852","1.372418761253357","3.2950780391693115","0.28855496644973755","0.049951232969760895","0","torch.float32","0.001","500","10000","806554886","0.806554886","AdaptiveElasticNetSAE","adaptive_elastic_net_sweep001","50000","0","0","10000","1.0020132064819336","1.0322091579437256","1.0158493518829346","0.9841506481170654","8.336478233337402","0.06815975904464722","55.00000000000001","0.55","13.28125","0.3218717575073242","0.2261486053466797","0.20027978718280792","0.2223292589187622","0.25755390524864197","0.02300473302602768","0.3218717575073242","0.05288133770227432","0","1024","1024","0.7667930424213409","43.99198532104492","0.003896057605743408","0.12254896759986876","3.8035364151000977","0.390625","0.16649460792541504","0.26765355467796326","0.0005547227337956429","0.00012159036850789562","0.2669772505760193","0.26765355467796326","0.014145839028060436","0.2261486053466797","40327744300000","40.3277443","[641,895,353,954,290]","[0.10805421322584152,0.09575334936380386,0.09155850857496262,0.09141263365745544,0.08567935973405838]","50000","0.00047659789908134913","0.00023837902258918255","0.0099999999","0.00024414062494039536","14.45704746246338","1","0"
"spiked-rho0.00-adaptive_elastic_net_sweep000-seed0","finished","-","","model=adaptive_elastic_net_sweep000, regularization-sweep, rho=0.00, seed=0, spiked, topk-sweep","2026-07-24T21:55:15.000Z","193","","256","cuda","2.587843179702759","2.3587522506713867","0.14902976155281067","0.6171740293502808","0.0326528325676918","0.881973385810852","1.372418761253357","3.2950780391693115","0.28855496644973755","0.049951232969760895","0","torch.float32","0.001","500","10000","806554886","0.806554886","AdaptiveElasticNetSAE","adaptive_elastic_net_sweep000","50000","0","0","10000","10.631263732910156","1.2252531051635742","1.091952562332153","0.8912056684494019","8.330096244812012","0.06805697083473206","64.1025641025641","0.6410256410256411","13.18359375","0.3782351016998291","0.2483702003955841","0.2157365083694458","0.2458000481128693","0.28496259450912476","0.027901915833353996","0.3782351016998291","0.0629943460226059","0","1024","1024","0.7731016278266907","44.51689910888672","0.028111755847930908","0.14376942813396454","7.975990772247315","2.4609375","0.36574840545654297","0.2646683156490326","0.004244234878569841","0.0006045714835636318","0.25981950759887695","0.2646683156490326","0.06305073946714401","0.2483702003955841","40327744300000","40.3277443","[894,453,1005,622,919]","[0.2126389741897583,0.18726211786270144,0.18431472778320312,0.1838163286447525,0.17537850141525269]","50000","0.011849112983928729","0.005959982970208603","0.044444444373897704","0.006835937498331069","64.12259674072266","1","0"
"spiked-rho0.00-adaptive_lasso_sweep023-seed0","finished","-","","model=adaptive_lasso_sweep023, regularization-sweep, rho=0.00, seed=0, spiked, topk-sweep","2026-07-24T21:52:23.000Z","171","","256","cuda","2.587843179702759","2.3587522506713867","0.14902976155281067","0.6171740293502808","0.0326528325676918","0.881973385810852","1.372418761253357","3.2950780391693115","0.28855496644973755","0.049951232969760895","0","torch.float32","0.001","500","10000","806030595","0.806030595","AdaptiveLassoSAE","adaptive_lasso_sweep023","50000","0","0","10000","1023.8953247070312","11.59580421447754","2.401843309402466","0.20713037252426147","3.682087421417236","0.013471524231135843","0","0","0","0.294159471988678","0.21408504247665405","0.1894121915102005","0.2114940881729126","0.24183465540409088","0.021651772782206535","0.294159471988678","0.04932405054569245","0","1024","1024","0.00439608097076416","2.999869585037231","0.8813394904136658","0.8776741027832031","17.646427154541016","49.734375","0.550560712814331","0.05976167321205139","0.028050260618329048","","0.03171141445636749","0.05976167321205139","0.3339638411998749","0.21408504247665405","40301529750000","40.30152975","[473,431,130,451,25]","[0.4782374501228333,0.4541073441505432,0.45353513956069946,0.4507642388343811,0.4502280652523041]","50000","0.4603038864421616","0.29895793127757947","0.3041941564322813","0.9455566403941512","312.92413330078125","1","0"
"spiked-rho0.00-adaptive_lasso_sweep022-seed0","finished","-","","model=adaptive_lasso_sweep022, regularization-sweep, rho=0.00, seed=0, spiked, topk-sweep","2026-07-24T21:49:28.000Z","173","","256","cuda","2.587843179702759","2.3587522506713867","0.14902976155281067","0.6171740293502808","0.0326528325676918","0.881973385810852","1.372418761253357","3.2950780391693115","0.28855496644973755","0.049951232969760895","0","torch.float32","0.001","500","10000","806030595","0.806030595","AdaptiveLassoSAE","adaptive_lasso_sweep022","50000","0","0","10000","1023.8977661132812","13.152583122253418","2.40475082397461","0.18283486366271973","3.701490640640259","0.013619523495435716","0","0","0","0.30653664469718933","0.21521104872226715","0.1898370236158371","0.21224412322044373","0.24327076971530912","0.022408420220017433","0.30653664469718933","0.04933317378163338","0","1024","1024","0.004402756690979004","3.002161741256714","0.8800919651985168","0.8687561750411987","16.751571655273438","49.1953125","0.5488371849060059","0.05887245014309883","0.0273723267018795","","0.03150012344121933","0.05887245014309883","0.2986612021923065","0.21521104872226715","40301529750000","40.30152975","[433,361,422,808,821]","[0.4440532624721527,0.43061017990112305,0.4281961917877197,0.42461633682250977,0.4109041094779968]","50000","0.4638702107566497","0.30197363286512413","0.30736858819220514","0.9450683591442705","282.53350830078125","1","0"
"spiked-rho0.00-adaptive_lasso_sweep021-seed0","finished","-","","model=adaptive_lasso_sweep021, regularization-sweep, rho=0.00, seed=0, spiked, topk-sweep","2026-07-24T21:46:35.000Z","172","","256","cuda","2.587843179702759","2.3587522506713867","0.14902976155281067","0.6171740293502808","0.0326528325676918","0.881973385810852","1.372418761253357","3.2950780391693115","0.28855496644973755","0.049951232969760895","0","torch.float32","0.001","500","10000","806030595","0.806030595","AdaptiveLassoSAE","adaptive_lasso_sweep021","50000","0","0","10000","81.75631713867188","3.347921848297119","1.698256492614746","0.5072569251060486","5.9853291511535645","0.03527124226093292","0","0","0","0.5229742527008057","0.21688079833984375","0.19269953668117523","0.2146042287349701","0.24412040412425995","0.025461874902248383","0.5229742527008057","0.05052679777145386","0","1024","1024","0.01534581184387207","5.700247287750244","0.5601472854614258","0.4447989761829376","9.532026290893556","13.81640625","0.7886090874671936","0.21390962600708008","0.09744638204574584","","0.11646324396133424","0.21390962600708008","0.0910225436091423","0.21688079833984375","40301529750000","40.30152975","[179,796,366,916,415]","[0.19532844424247744,0.18088176846504211,0.179003968834877,0.17091239988803864,0.16510438919067383]","50000","0.8020432598411303","0.6695100610959076","0.8654226743383029","0.7473144529425502","91.02253723144533","1","0"
"spiked-rho0.00-adaptive_lasso_sweep020-seed0","finished","-","","model=adaptive_lasso_sweep020, regularization-sweep, rho=0.00, seed=0, spiked, topk-sweep","2026-07-24T21:43:42.000Z","172","","256","cuda","2.587843179702759","2.3587522506713867","0.14902976155281067","0.6171740293502808","0.0326528325676918","0.881973385810852","1.372418761253357","3.2950780391693115","0.28855496644973755","0.049951232969760895","0","torch.float32","0.001","500","10000","806030595","0.806030595","AdaptiveLassoSAE","adaptive_lasso_sweep020","50000","0","0","10000","195.1216583251953","5.881996154785156","2.061624050140381","0.3504973351955414","4.303891658782959","0.018339084461331367","0","0","0","0.3510640859603882","0.21483510732650757","0.1899125874042511","0.2105827033519745","0.2436145097017288","0.023367566987872124","0.3510640859603882","0.04971293732523918","0","1024","1024","0.011537373065948486","4.9740309715271","0.8340979814529419","0.7633220553398132","12.81300163269043","29.11328125","0.7911509275436401","0.10739845782518388","0.0634014755487442","","0.04399698227643967","0.10739845782518388","0.16830384731292725","0.21483510732650757","40301529750000","40.30152975","[1023,616,345,998,292]","[0.28355899453163147,0.27790430188179016,0.2767265737056732,0.26525458693504333,0.26510974764823914]","50000","0.6414403595218692","0.4721478648219059","0.4969810813770319","0.9042968747792244","164.7694549560547","1","1"
"spiked-rho0.00-adaptive_lasso_sweep019-seed0","finished","-","","model=adaptive_lasso_sweep019, regularization-sweep, rho=0.00, seed=0, spiked, topk-sweep","2026-07-24T21:40:52.000Z","170","","256","cuda","2.587843179702759","2.3587522506713867","0.14902976155281067","0.6171740293502808","0.0326528325676918","0.881973385810852","1.372418761253357","3.2950780391693115","0.28855496644973755","0.049951232969760895","0","torch.float32","0.001","500","10000","806030595","0.806030595","AdaptiveLassoSAE","adaptive_lasso_sweep019","50000","0","0","10000","1023.9346923828124","16.050661087036133","2.3429601192474365","0.14597280323505402","3.689802646636963","0.013542783446609974","0","0","0","0.30215010046958923","0.2146553099155426","0.18975934386253357","0.2101614475250244","0.24316531419754028","0.022313270717859268","0.30215010046958923","0.0493345782160759","0","1024","1024","0.004397749900817871","3.0004589557647705","0.8783581256866455","0.8678265810012817","17.766359329223633","48.75","0.5497628450393677","0.05885642394423485","0.02701922133564949","","0.03183720260858536","0.05885642394423485","0.33887627720832825","0.2146553099155426","40301529750000","40.30152975","[793,317,149,330,373]","[0.47099149227142334,0.4686890840530395,0.4542140364646912,0.4497756958007813,0.44927939772605896]","50000","0.4668191259259936","0.30447784683210216","0.31001602561618463","0.9445800778943896","317.18817138671875","1","0"
"spiked-rho0.00-adaptive_lasso_sweep018-seed0","finished","-","","model=adaptive_lasso_sweep018, regularization-sweep, rho=0.00, seed=0, spiked, topk-sweep","2026-07-24T21:38:03.000Z","169","","256","cuda","2.587843179702759","2.3587522506713867","0.14902976155281067","0.6171740293502808","0.0326528325676918","0.881973385810852","1.372418761253357","3.2950780391693115","0.28855496644973755","0.049951232969760895","0","torch.float32","0.001","500","10000","806030595","0.806030595","AdaptiveLassoSAE","adaptive_lasso_sweep018","50000","0","0","10000","1023.3062133789062","11.442743301391602","2.2552101612091064","0.19708649814128876","3.6887948513031006","0.013521691784262655","0","0","0","0.638796329498291","0.21526256203651428","0.19033636152744293","0.21076670289039612","0.24302445352077484","0.029019061475992203","0.638796329498291","0.049349699169397354","0","1024","1024","0.005093812942504883","3.5396695137023926","0.8835618495941162","0.8795835971832275","16.62140464782715","50.65625","0.5478546023368835","0.0592966303229332","0.02801247499883175","","0.0312841571867466","0.0592966303229332","0.2925141453742981","0.21526256203651428","40301529750000","40.30152975","[796,715,643,409,168]","[0.4653356969356537,0.4171752333641052,0.4167518019676209,0.4151732921600342,0.4141025245189667]","50000","0.4526484864912664","0.29253143460895836","0.29780999380800355","0.9428710935198068","277.3034362792969","1","0"
"spiked-rho0.00-adaptive_lasso_sweep017-seed0","finished","-","","model=adaptive_lasso_sweep017, regularization-sweep, rho=0.00, seed=0, spiked, topk-sweep","2026-07-24T21:35:05.000Z","177","","256","cuda","2.587843179702759","2.3587522506713867","0.14902976155281067","0.6171740293502808","0.0326528325676918","0.881973385810852","1.372418761253357","3.2950780391693115","0.28855496644973755","0.049951232969760895","0","torch.float32","0.001","500","10000","806030595","0.806030595","AdaptiveLassoSAE","adaptive_lasso_sweep017","50000","0","0","10000","1022.1409912109376","12.376053810119627","2.4072799682617188","0.19451111555099487","3.698141098022461","0.013614276424050333","0","0","0","0.49015188217163086","0.21514678001403809","0.19032840430736545","0.21165351569652557","0.24280762672424316","0.025008175522089005","0.49015188217163086","0.04936915636062622","0","1024","1024","0.005373239517211914","3.3899528980255127","0.881637692451477","0.8743205666542053","17.394912719726562","49.41015625","0.5572755336761475","0.060769759118556976","0.028932102024555206","","0.03183765709400177","0.060769759118556976","0.32307446002960205","0.21514678001403809","40301529750000","40.30152975","[154,315,459,1004,802]","[0.48173555731773376,0.4587199687957764,0.44508856534957886,0.44501620531082153,0.43820643424987793]","50000","0.4634215473828561","0.3015934706333779","0.30674361607188366","0.947265624768734","303.69000244140625","1","0"
"spiked-rho0.00-adaptive_lasso_sweep016-seed0","finished","-","","model=adaptive_lasso_sweep016, regularization-sweep, rho=0.00, seed=0, spiked, topk-sweep","2026-07-24T21:32:12.000Z","173","","256","cuda","2.587843179702759","2.3587522506713867","0.14902976155281067","0.6171740293502808","0.0326528325676918","0.881973385810852","1.372418761253357","3.2950780391693115","0.28855496644973755","0.049951232969760895","0","torch.float32","0.001","500","10000","806030595","0.806030595","AdaptiveLassoSAE","adaptive_lasso_sweep016","50000","0","0","10000","1021.9517211914062","15.216473579406738","2.6103358268737793","0.17154669761657715","3.661254644393921","0.013341380283236504","0","0","0","0.5950307846069336","0.21529024839401245","0.18888498842716217","0.21112588047981265","0.24349847435951233","0.02757544256746769","0.5950307846069336","0.04935119301080704","0","1024","1024","0.005546391010284424","3.369729995727539","0.87995445728302","0.8753445148468018","17.758670806884766","49.2890625","0.5502303242683411","0.0594615563750267","0.02766301855444908","","0.03179853782057762","0.0594615563750267","0.34024059772491455","0.21529024839401245","40301529750000","40.30152975","[396,789,240,134,858]","[0.4761972725391388,0.4622974991798401,0.4572768211364746,0.4537043273448944,0.44779032468795776]","50000","0.4641614104727201","0.30222049082179814","0.30741797429803314","0.9470214841437936","318.4651794433594","1","0"
"spiked-rho0.00-adaptive_lasso_sweep015-seed0","finished","-","","model=adaptive_lasso_sweep015, regularization-sweep, rho=0.00, seed=0, spiked, topk-sweep","2026-07-24T21:29:34.000Z","157","","256","cuda","2.587843179702759","2.3587522506713867","0.14902976155281067","0.6171740293502808","0.0326528325676918","0.881973385810852","1.372418761253357","3.2950780391693115","0.28855496644973755","0.049951232969760895","0","torch.float32","0.001","500","10000","806030595","0.806030595","AdaptiveLassoSAE","adaptive_lasso_sweep015","50000","0","0","10000","951.1851196289062","4.2123236656188965","1.8605486154556272","0.44169172644615173","4.965638160705566","0.024512233212590218","70","0.7","0.9765625","0.4027462601661682","0.22196316719055176","0.19164638221263883","0.21635128557682037","0.26207226514816284","0.030025038868188855","0.4027462601661682","0.05104942619800568","0","1024","1024","0.1113351583480835","15.740900039672852","0.7001873254776001","0.6268798112869263","11.939871788024902","19.26953125","0.8131991624832153","0.1635386347770691","0.08373315632343292","","0.07980547845363617","0.1635386347770691","0.14482440054416656","0.22196316719055176","40301529750000","40.30152975","[688,864,727,465,551]","[0.27902930974960327,0.25362658500671387,0.2525792717933655,0.24580469727516177,0.24498388171195984]","50000","0.6922134813284162","0.5293021679320288","0.6334887491113949","0.7629394529387354","142.94168090820312","1","0"
"spiked-rho0.00-adaptive_lasso_sweep014-seed0","finished","-","","model=adaptive_lasso_sweep014, regularization-sweep, rho=0.00, seed=0, spiked, topk-sweep","2026-07-24T21:26:44.000Z","169","","256","cuda","2.587843179702759","2.3587522506713867","0.14902976155281067","0.6171740293502808","0.0326528325676918","0.881973385810852","1.372418761253357","3.2950780391693115","0.28855496644973755","0.049951232969760895","0","torch.float32","0.001","500","10000","806030595","0.806030595","AdaptiveLassoSAE","adaptive_lasso_sweep014","50000","0","0","10000","946.9579467773438","4.994798183441162","2.2016406059265137","0.4407866895198822","4.99826717376709","0.024852581322193142","66.66666666666666","0.6666666666666666","2.05078125","0.33806291222572327","0.2195381075143814","0.1908577531576157","0.2145717293024063","0.2543776333332062","0.025571664795279503","0.33806291222572327","0.050864078104496","0","1024","1024","0.1169642210006714","16.3541259765625","0.6991084814071655","0.6306664347648621","11.950101852416992","20.109375","0.7992656230926514","0.1635167896747589","0.08244705945253372","","0.08106973767280579","0.1635167896747589","0.14488154649734497","0.2195381075143814","40301529750000","40.30152975","[329,34,336,813,478]","[0.23714426159858704,0.2336563766002655,0.22799575328826904,0.2273147702217102,0.22720327973365784]","50000","0.6709211852577001","0.504802213819827","0.6023698522528419","0.757080077940166","142.99807739257812","1","0"
"spiked-rho0.00-adaptive_lasso_sweep013-seed0","finished","-","","model=adaptive_lasso_sweep013, regularization-sweep, rho=0.00, seed=0, spiked, topk-sweep","2026-07-24T21:24:02.000Z","161","","256","cuda","2.587843179702759","2.3587522506713867","0.14902976155281067","0.6171740293502808","0.0326528325676918","0.881973385810852","1.372418761253357","3.2950780391693115","0.28855496644973755","0.049951232969760895","0","torch.float32","0.001","500","10000","806030595","0.806030595","AdaptiveLassoSAE","adaptive_lasso_sweep013","50000","0","0","10000","2.000009059906006","1.015087008476257","1.0074870586395264","0.9925130009651184","8.377717971801758","0.06888596713542938","8.401084010840108","0.08401084010840108","77.9296875","0.3899982869625091","0.2320955395698547","0.19819936156272888","0.22469593584537503","0.27765950560569763","0.03223313391208649","0.3899982869625091","0.05361710116267204","0","1024","1024","0.1496291160583496","18.99410057067871","0.014821827411651611","0.15073871612548828","4.495318412780762","1.44921875","0.7424478530883789","0.264116495847702","0.001185634988360107","","0.26293087005615234","0.264116495847702","0.019800977781414986","0.2320955395698547","40301529750000","40.30152975","[712,467,75,662,38]","[0.1522975713014603,0.12167999893426897,0.1023952215909958,0.10055282711982728,0.09613549709320068]","50000","0.002686214385247152","0.001344989912274156","0.016172506694952814","0.001464843749642372","20.23659896850586","1","0"
"spiked-rho0.00-adaptive_lasso_sweep012-seed0","finished","-","","model=adaptive_lasso_sweep012, regularization-sweep, rho=0.00, seed=0, spiked, topk-sweep","2026-07-24T21:21:20.000Z","161","","256","cuda","2.587843179702759","2.3587522506713867","0.14902976155281067","0.6171740293502808","0.0326528325676918","0.881973385810852","1.372418761253357","3.2950780391693115","0.28855496644973755","0.049951232969760895","0","torch.float32","0.001","500","10000","806030595","0.806030595","AdaptiveLassoSAE","adaptive_lasso_sweep012","50000","0","0","10000","2.000041246414185","1.0028233528137207","1.001409649848938","0.9985902905464172","8.514591217041016","0.07111205905675888","6.507304116865869","0.0650730411686587","78.90625","0.3999989926815033","0.2384493201971054","0.2038901001214981","0.23030361533164975","0.2827271521091461","0.03354387730360031","0.3999989926815033","0.055048562586307526","0","1024","1024","0.1553943157196045","19.206727981567383","0.01617431640625","0.16001705825328827","4.443960666656494","1.8203125","1.1580092906951904","0.2624412178993225","0.0004207477904856205","","0.262020468711853","0.2624412178993225","0.01932862773537636","0.2384493201971054","40301529750000","40.30152975","[692,875,769,249,880]","[0.15158140659332275,0.11956147849559784,0.11358659714460372,0.109450601041317,0.10824082046747208]","50000","0.0021918376299290324","0.0010972130785391236","0.010729613710880655","0.001220703124701977","19.75385856628418","1","0.001956947147846222"
"spiked-rho0.00-adaptive_lasso_sweep011-seed0","finished","-","","model=adaptive_lasso_sweep011, regularization-sweep, rho=0.00, seed=0, spiked, topk-sweep","2026-07-24T21:18:40.000Z","159","","256","cuda","2.587843179702759","2.3587522506713867","0.14902976155281067","0.6171740293502808","0.0326528325676918","0.881973385810852","1.372418761253357","3.2950780391693115","0.28855496644973755","0.049951232969760895","0","torch.float32","0.001","500","10000","806030595","0.806030595","AdaptiveLassoSAE","adaptive_lasso_sweep011","50000","0","0","10000","948.971923828125","4.291795253753662","1.88431453704834","0.4390504062175751","5.014280319213867","0.025044064968824387","58.333333333333336","0.5833333333333334","1.46484375","0.33375120162963867","0.2194794714450836","0.19054459035396576","0.21369744837284088","0.2561455965042114","0.02684020064771175","0.33375120162963867","0.05085541307926178","0","1024","1024","0.11344552040100098","15.96503448486328","0.6975231170654297","0.6304978728294373","11.788477897644045","20.421875","0.7823334336280823","0.1625690460205078","0.08099061995744705","","0.08157842606306076","0.1625690460205078","0.14022943377494812","0.2194794714450836","40301529750000","40.30152975","[445,71,520,499,427]","[0.2772321403026581,0.25667792558670044,0.24926967918872833,0.24225309491157532,0.23764634132385257]","50000","0.6700981773251404","0.503870967660666","0.597551644874225","0.7626953123137951","138.5466766357422","1","0"
"spiked-rho0.00-adaptive_lasso_sweep010-seed0","finished","-","","model=adaptive_lasso_sweep010, regularization-sweep, rho=0.00, seed=0, spiked, topk-sweep","2026-07-24T21:15:47.000Z","172","","256","cuda","2.587843179702759","2.3587522506713867","0.14902976155281067","0.6171740293502808","0.0326528325676918","0.881973385810852","1.372418761253357","3.2950780391693115","0.28855496644973755","0.049951232969760895","0","torch.float32","0.001","500","10000","806030595","0.806030595","AdaptiveLassoSAE","adaptive_lasso_sweep010","50000","0","0","10000","949.3276977539062","4.833556652069092","2.0010008811950684","0.4139810502529144","5.055834770202637","0.025416718795895576","60","0.6","2.05078125","0.3896852135658264","0.2225304543972015","0.1906169205904007","0.21638014912605288","0.26848652958869934","0.031261540949344635","0.3896852135658264","0.05100338160991669","0","1024","1024","0.11330926418304443","15.949345588684082","0.6962664127349854","0.6318203210830688","11.90512466430664","20.19921875","0.7929726839065552","0.16221626102924347","0.08053775876760483","","0.08167850226163864","0.16221626102924347","0.14385570585727692","0.2225304543972015","40301529750000","40.30152975","[791,111,537,34,461]","[0.2703286409378052,0.254791796207428,0.24352765083312988,0.2381395697593689,0.23376110196113584]","50000","0.6675294515506573","0.5009718172172057","0.5981434924389588","0.7551269529406428","141.98558044433594","1","0"
"spiked-rho0.00-adaptive_lasso_sweep009-seed0","finished","-","","model=adaptive_lasso_sweep009, regularization-sweep, rho=0.00, seed=0, spiked, topk-sweep","2026-07-24T21:13:07.000Z","159","","256","cuda","2.587843179702759","2.3587522506713867","0.14902976155281067","0.6171740293502808","0.0326528325676918","0.881973385810852","1.372418761253357","3.2950780391693115","0.28855496644973755","0.049951232969760895","0","torch.float32","0.001","500","10000","806030595","0.806030595","AdaptiveLassoSAE","adaptive_lasso_sweep009","50000","0","0","10000","858.1405029296875","4.47728157043457","1.9120560884475708","0.4270573854446411","5.180262565612793","0.02667788788676262","57.14285714285714","0.5714285714285714","2.63671875","0.40304306149482727","0.22342869639396667","0.1914556175470352","0.2158021181821823","0.2715819478034973","0.03214077278971672","0.40304306149482727","0.05138631910085678","0","1024","1024","0.13062608242034912","17.020397186279297","0.6737683415412903","0.6102390289306641","11.860219955444336","19.62890625","0.779107928276062","0.16738983988761902","0.0801142081618309","","0.08727563917636871","0.16738983988761902","0.14347931742668152","0.22342869639396667","40301529750000","40.30152975","[613,906,554,869,991]","[0.24774673581123352,0.23483216762542725,0.2343904972076416,0.23377513885498047,0.22849462926387787]","50000","0.656725741201689","0.48889977138607577","0.5960199003789015","0.731201171696484","141.61407470703125","1","0"
"spiked-rho0.00-adaptive_lasso_sweep008-seed0","finished","-","","model=adaptive_lasso_sweep008, regularization-sweep, rho=0.00, seed=0, spiked, topk-sweep","2026-07-24T21:10:32.000Z","154","","256","cuda","2.587843179702759","2.3587522506713867","0.14902976155281067","0.6171740293502808","0.0326528325676918","0.881973385810852","1.372418761253357","3.2950780391693115","0.28855496644973755","0.049951232969760895","0","torch.float32","0.001","500","10000","806030595","0.806030595","AdaptiveLassoSAE","adaptive_lasso_sweep008","50000","0","0","10000","861.2459716796875","5.048771858215332","2.021637439727783","0.4004216194152832","5.099992752075195","0.025963351130485535","58.333333333333336","0.5833333333333334","2.34375","0.3639383316040039","0.22368958592414856","0.19171811640262604","0.2162397503852844","0.2680307626724243","0.030640536919236183","0.3639383316040039","0.051199764013290405","0","1024","1024","0.1287057399749756","17.014137268066406","0.6835030317306519","0.622772753238678","11.730666160583496","20.109375","0.7731637954711914","0.16465705633163452","0.07972677797079086","","0.08493027836084366","0.16465705633163452","0.1389671117067337","0.22368958592414856","40301529750000","40.30152975","[125,356,333,589,457]","[0.2589960992336273,0.2243407815694809,0.2227923572063446,0.2199941724538803,0.21990996599197388]","50000","0.6585888615909679","0.4909677418562955","0.5912975911827316","0.7431640623185634","137.29949951171875","1","0"
"spiked-rho0.00-adaptive_lasso_sweep007-seed0","finished","-","","model=adaptive_lasso_sweep007, regularization-sweep, rho=0.00, seed=0, spiked, topk-sweep","2026-07-24T21:07:41.000Z","170","","256","cuda","2.587843179702759","2.3587522506713867","0.14902976155281067","0.6171740293502808","0.0326528325676918","0.881973385810852","1.372418761253357","3.2950780391693115","0.28855496644973755","0.049951232969760895","0","torch.float32","0.001","500","10000","806030595","0.806030595","AdaptiveLassoSAE","adaptive_lasso_sweep007","50000","0","0","10000","943.17919921875","1.0790592432022097","1.0345282554626465","0.9587316513061525","8.21374225616455","0.066219761967659","69.49152542372882","0.6949152542372882","9.765625","0.3231401741504669","0.23073014616966248","0.20529760420322415","0.2272133827209473","0.2610759735107422","0.02227586880326271","0.3231401741504669","0.05431772768497467","0","1024","1024","0.7480239570140839","43.134185791015625","0.018537521362304688","0.13391602039337158","3.702264070510864","0.55078125","0.26954159140586853","0.2672460377216339","0.0034894614946097136","","0.26375657320022583","0.2672460377216339","0.013435035943984984","0.23073014616966248","40301529750000","40.30152975","[766,699,96,932,718]","[0.0674770399928093,0.06372162699699402,0.06201914697885513,0.0566231869161129,0.0519285686314106]","50000","0.041538760278926834","0.021209930098527372","0.6241134707509683","0.02148437499475479","13.717171669006348","1","0"
"spiked-rho0.00-adaptive_lasso_sweep006-seed0","finished","-","","model=adaptive_lasso_sweep006, regularization-sweep, rho=0.00, seed=0, spiked, topk-sweep","2026-07-24T21:04:49.000Z","171","","256","cuda","2.587843179702759","2.3587522506713867","0.14902976155281067","0.6171740293502808","0.0326528325676918","0.881973385810852","1.372418761253357","3.2950780391693115","0.28855496644973755","0.049951232969760895","0","torch.float32","0.001","500","10000","806030595","0.806030595","AdaptiveLassoSAE","adaptive_lasso_sweep006","50000","0","0","10000","722.4456787109375","1.3770709037780762","1.1738463640213013","0.8524225950241089","8.239370346069336","0.06665625423192978","62.0253164556962","0.620253164556962","12.3046875","0.3593820631504059","0.23255550861358645","0.2042364627122879","0.22921210527420044","0.26590999960899353","0.024627938866615295","0.3593820631504059","0.0545211136341095","0","1024","1024","0.7481879591941833","42.59943771362305","0.04520118236541748","0.16672933101654053","7.007367134094238","2.58203125","0.48251456022262573","0.2620437443256378","0.0077191973105072975","","0.2543245553970337","0.2620437443256378","0.04800410196185112","0.23255550861358645","40301529750000","40.30152975","[915,71,92,271,309]","[0.15129674971103668,0.15022653341293335,0.13901977241039276,0.13034944236278534,0.12850883603096008]","50000","0.05171302535166419","0.02654294345564459","0.18608169412090517","0.030029296867668625","48.77216720581055","1","0"
"spiked-rho0.00-adaptive_lasso_sweep005-seed0","finished","-","","model=adaptive_lasso_sweep005, regularization-sweep, rho=0.00, seed=0, spiked, topk-sweep","2026-07-24T21:02:17.000Z","151","","256","cuda","2.587843179702759","2.3587522506713867","0.14902976155281067","0.6171740293502808","0.0326528325676918","0.881973385810852","1.372418761253357","3.2950780391693115","0.28855496644973755","0.049951232969760895","0","torch.float32","0.001","500","10000","806030595","0.806030595","AdaptiveLassoSAE","adaptive_lasso_sweep005","50000","0","0","10000","1.0005136728286743","1.2899876832962036","1.1266329288482666","0.873367190361023","8.336874961853027","0.06818829476833344","62.0253164556962","0.620253164556962","11.23046875","0.37399786710739136","0.239961177110672","0.20773838460445404","0.23706412315368652","0.27410179376602173","0.02718239277601242","0.37399786710739136","0.058043643832206726","0","1024","1024","0.7653552144765854","44.21671295166016","0.00797128677368164","0.1362980604171753","5.331570148468018","0.703125","0.5751632452011108","0.26230373978614807","0.0006108652451075613","","0.2616928815841675","0.26230373978614807","0.02710583806037903","0.239961177110672","40301529750000","40.30152975","[31,473,256,277,941]","[0.14006993174552915,0.13605690002441406,0.13112178444862366,0.12621374428272247,0.11483950912952424]","50000","0.0009353730547718296","0.00046794571818719097","0.011111111049382717","0.0004882812498807906","27.702167510986328","1","0"
"spiked-rho0.00-adaptive_lasso_sweep004-seed0","finished","-","","model=adaptive_lasso_sweep004, regularization-sweep, rho=0.00, seed=0, spiked, topk-sweep","2026-07-24T20:59:24.000Z","172","","256","cuda","2.587843179702759","2.3587522506713867","0.14902976155281067","0.6171740293502808","0.0326528325676918","0.881973385810852","1.372418761253357","3.2950780391693115","0.28855496644973755","0.049951232969760895","0","torch.float32","0.001","500","10000","806030595","0.806030595","AdaptiveLassoSAE","adaptive_lasso_sweep004","50000","0","0","10000","8.883703231811523","1.0990298986434937","1.0516698360443115","0.9569073915481568","8.530683517456055","0.07139373570680618","69.6969696969697","0.696969696969697","9.08203125","0.5047643184661865","0.3810000419616699","0.33343803882598877","0.3818707466125488","0.4317934513092041","0.040075886994600296","0.5047643184661865","0.1919337511062622","0","1024","1024","0.7780920714139938","44.63813400268555","0.05409127473831177","0.20879288017749784","14.804610252380373","5.1171875","0.679282546043396","0.26035362482070923","0.006097747944295406","","0.25425589084625244","0.26035362482070923","0.21568118035793304","0.3810000419616699","40301529750000","40.30152975","[930,182,880,887,819]","[0.4259360432624817,0.41855502128601074,0.41708904504776,0.4167693853378296,0.41565778851509094]","50000","0.011838330544775358","0.005954596202836881","0.0244274808973836","0.007812499998092651","218.91639709472656","1","0"
"spiked-rho0.00-adaptive_lasso_sweep003-seed0","finished","-","","model=adaptive_lasso_sweep003, regularization-sweep, rho=0.00, seed=0, spiked, topk-sweep","2026-07-24T20:56:42.000Z","161","","256","cuda","2.587843179702759","2.3587522506713867","0.14902976155281067","0.6171740293502808","0.0326528325676918","0.881973385810852","1.372418761253357","3.2950780391693115","0.28855496644973755","0.049951232969760895","0","torch.float32","0.001","500","10000","806030595","0.806030595","AdaptiveLassoSAE","adaptive_lasso_sweep003","50000","0","0","10000","923.802734375","1.2561430931091309","1.1005828380584717","0.8761604428291321","8.203269004821777","0.06601925194263458","59.210526315789465","0.5921052631578947","11.23046875","0.30420416593551636","0.2316284477710724","0.20611298084259033","0.22941502928733823","0.26005861163139343","0.021383387967944145","0.30420416593551636","0.054603006690740585","0","1024","1024","0.7420852184295654","42.851566314697266","0.02464860677719116","0.14043661952018738","4.5097784996032715","0.7109375","0.3131384253501892","0.2616531550884247","0.004511952865868807","","0.25714120268821716","0.2616531550884247","0.01972825452685356","0.2316284477710724","40301529750000","40.30152975","[830,463,989,981,120]","[0.08958369493484497,0.08351201564073563,0.07977911084890366,0.07472040504217148,0.07084629684686661]","50000","0.05282834300622251","0.02713085233442236","0.6208791174676972","0.027587890618264672","20.122817993164062","1","0"
"spiked-rho0.00-adaptive_lasso_sweep002-seed0","finished","-","","model=adaptive_lasso_sweep002, regularization-sweep, rho=0.00, seed=0, spiked, topk-sweep","2026-07-24T20:53:55.000Z","167","","256","cuda","2.587843179702759","2.3587522506713867","0.14902976155281067","0.6171740293502808","0.0326528325676918","0.881973385810852","1.372418761253357","3.2950780391693115","0.28855496644973755","0.049951232969760895","0","torch.float32","0.001","500","10000","806030595","0.806030595","AdaptiveLassoSAE","adaptive_lasso_sweep002","50000","0","0","10000","887.688720703125","1.4406598806381226","1.1740922927856443","0.8149684071540833","8.246003150939941","0.06672920286655426","67.56756756756756","0.6756756756756757","12.40234375","0.3678208589553833","0.2316877245903015","0.20621046423912048","0.22879667580127716","0.26005691289901733","0.022294072434306145","0.3678208589553833","0.05464203655719757","0","1024","1024","0.7469532191753387","42.609622955322266","0.02515113353729248","0.14048482477664948","5.168971538543701","1.16015625","0.3309311866760254","0.26554134488105774","0.004589063115417957","","0.26095229387283325","0.26554134488105774","0.026017451658844948","0.2316877245903015","40301529750000","40.30152975","[772,777,865,833,1001]","[0.0961308404803276,0.09559789299964903,0.0940258651971817,0.08677379041910172,0.08120854198932648]","50000","0.040518881420344384","0.020678438656905565","0.29966329865433233","0.021728515619695184","26.511783599853516","1","0"
"spiked-rho0.00-adaptive_lasso_sweep001-seed0","finished","-","","model=adaptive_lasso_sweep001, regularization-sweep, rho=0.00, seed=0, spiked, topk-sweep","2026-07-24T20:51:08.000Z","166","","256","cuda","2.587843179702759","2.3587522506713867","0.14902976155281067","0.6171740293502808","0.0326528325676918","0.881973385810852","1.372418761253357","3.2950780391693115","0.28855496644973755","0.049951232969760895","0","torch.float32","0.001","500","10000","806030595","0.806030595","AdaptiveLassoSAE","adaptive_lasso_sweep001","50000","0","0","10000","1.0013691186904907","1.2772282361984253","1.1217392683029177","0.878260612487793","8.359962463378906","0.06854136288166046","53.40909090909091","0.5340909090909091","15.0390625","0.35052207112312317","0.22683203220367432","0.20184995234012604","0.2241884469985962","0.2552366554737091","0.02204030193388462","0.35052207112312317","0.053500086069107056","0","1024","1024","0.7664611339569092","43.93254089355469","0.003909647464752197","0.12210924923419952","3.5741496086120605","0.421875","0.20066899061203003","0.27054479718208313","0.0006347039015963674","","0.2699100971221924","0.27054479718208313","0.012487336061894894","0.22683203220367432","40301529750000","40.30152975","[629,888,364,377,900]","[0.1228656992316246,0.11250174790620804,0.10031042993068696,0.09096243977546692,0.08300726115703583]","50000","0.001427162120248828","0.000714115686571265","0.027777777520576134","0.000732421874821186","12.774544715881348","1","0"
"spiked-rho0.00-adaptive_lasso_sweep000-seed0","finished","-","","model=adaptive_lasso_sweep000, regularization-sweep, rho=0.00, seed=0, spiked, topk-sweep","2026-07-24T20:48:17.000Z","170","","256","cuda","2.587843179702759","2.3587522506713867","0.14902976155281067","0.6171740293502808","0.0326528325676918","0.881973385810852","1.372418761253357","3.2950780391693115","0.28855496644973755","0.049951232969760895","0","torch.float32","0.001","500","10000","806030595","0.806030595","AdaptiveLassoSAE","adaptive_lasso_sweep000","50000","0","0","10000","9.842880249023438","1.1982086896896362","1.1023916006088257","0.920033037662506","8.358875274658203","0.06858935952186584","60.256410256410255","0.6025641025641025","11.42578125","0.3998422026634216","0.2716867923736572","0.2337151914834976","0.2708899974822998","0.31153562664985657","0.030023818835616112","0.3998422026634216","0.07922804355621338","0","1024","1024","0.7712118029594421","44.411380767822266","0.032425880432128906","0.15579678118228912","9.185609817504885","2.640625","0.4370408952236175","0.26472440361976624","0.005517736542969942","","0.2592066526412964","0.26472440361976624","0.08142813295125961","0.2716867923736572","40301529750000","40.30152975","[797,901,866,913,674]","[0.2142929583787918,0.20851927995681763,0.208116352558136,0.20361481606960297,0.20312553644180295]","50000","0.010896655391448474","0.005478297512541446","0.0384615384046427","0.006347656248450279","82.81240844726562","1","0"
"spiked-rho0.00-elastic_net_sweep008-seed0","finished","-","","model=elastic_net_sweep008, regularization-sweep, rho=0.00, seed=0, spiked, topk-sweep","2026-07-24T20:45:04.000Z","192","","256","cuda","2.587843179702759","2.3587522506713867","0.14902976155281067","0.6171740293502808","0.0326528325676918","0.881973385810852","1.372418761253357","3.2950780391693115","0.28855496644973755","0.049951232969760895","0","torch.float32","0.001","500","10000","806289670","0.80628967","ElasticNetSAE","elastic_net_sweep008","50000","0","0","10000","","15.235925674438477","2.546140432357788","0.1671142578125","3.811480760574341","0.0144138028845191","0","0","0","0.30268314480781555","0.21447129547595975","0.18962666392326355","0.211224302649498","0.24243004620075223","0.021814512088894844","0.30268314480781555","0.049213919788599014","0","1024","1024","0.004568576812744141","3.0581867694854736","0.8785870671272278","0.8583842515945435","17.45404624938965","53.76171875","0.5016071796417236","0.06247296929359436","0.026921531185507774","0.003566004103049636","0.03198543190956116","0.06247296929359436","0.3281119763851166","0.21447129547595975","40314483500000","40.3144835","[437,720,888,500,395]","[0.5084274411201477,0.4572658836841583,0.4376581907272339,0.4375486671924591,0.4369176626205444]","50000","0.4357463287970446","0.27856529207627684","0.28271452442906964","0.9499511716430784","308.0971374511719","",""
"spiked-rho0.00-elastic_net_sweep007-seed0","finished","-","","model=elastic_net_sweep007, regularization-sweep, rho=0.00, seed=0, spiked, topk-sweep","2026-07-24T20:41:50.000Z","192","","256","cuda","2.587843179702759","2.3587522506713867","0.14902976155281067","0.6171740293502808","0.0326528325676918","0.881973385810852","1.372418761253357","3.2950780391693115","0.28855496644973755","0.049951232969760895","0","torch.float32","0.001","500","10000","806289670","0.80628967","ElasticNetSAE","elastic_net_sweep007","50000","0","0","10000","","25.19761085510254","2.679839611053467","0.10635292530059814","4.194904327392578","0.017409535124897957","0","0","0","0.30136802792549133","0.21673080325126648","0.18984626233577728","0.2144881784915924","0.24629031121730804","0.023302704095840458","0.30136802792549133","0.0487106516957283","0","1024","1024","0.005701422691345215","3.416532516479492","0.8830962777137756","0.818382740020752","20.467071533203125","80.67578125","0.35370320081710815","0.07427743822336197","0.02855236642062664","0.01442698948085308","0.03129807859659195","0.07427743822336197","0.47382497787475586","0.21673080325126648","40314483500000","40.3144835","[731,457,804,904,268]","[0.6262515187263489,0.5888944268226624,0.5881403684616089,0.587598443031311,0.586205780506134]","50000","0.3202550876057534","0.19065717308810465","0.19188495617140924","0.9675292966387868","426.4424743652344","",""
"spiked-rho0.00-elastic_net_sweep006-seed0","finished","-","","model=elastic_net_sweep006, regularization-sweep, rho=0.00, seed=0, spiked, topk-sweep","2026-07-24T20:38:36.000Z","193","","256","cuda","2.587843179702759","2.3587522506713867","0.14902976155281067","0.6171740293502808","0.0326528325676918","0.881973385810852","1.372418761253357","3.2950780391693115","0.28855496644973755","0.049951232969760895","0","torch.float32","0.001","500","10000","806289670","0.80628967","ElasticNetSAE","elastic_net_sweep006","50000","0","0","10000","","103.97003936767578","3.165311574935913","0.03044445812702179","4.902851104736328","0.023697081953287125","0","0","0","0.31832897663116455","0.22261634469032288","0.1940356343984604","0.21864505112171173","0.25541457533836365","0.02532380074262619","0.31832897663116455","0.04814276471734047","0","1024","1024","0.009032964706420898","4.300655364990234","0.8718053102493286","0.7729915976524353","23.808446884155273","128.76953125","0.242458313703537","0.0875672847032547","0.03141132369637489","0.02179621160030365","0.034359753131866455","0.0875672847032547","0.6976081132888794","0.22261634469032288","40314483500000","40.3144835","[806,255,183,132,220]","[0.8214859962463379,0.8151354193687439,0.8133950233459473,0.7975472807884216,0.7959336042404175]","50000","0.21650772275323063","0.12139550364242804","0.12170483846134672","0.979492187260866","587.385986328125","",""
"spiked-rho0.00-elastic_net_sweep005-seed0","finished","-","","model=elastic_net_sweep005, regularization-sweep, rho=0.00, seed=0, spiked, topk-sweep","2026-07-24T20:35:20.000Z","195","","256","cuda","2.587843179702759","2.3587522506713867","0.14902976155281067","0.6171740293502808","0.0326528325676918","0.881973385810852","1.372418761253357","3.2950780391693115","0.28855496644973755","0.049951232969760895","0","torch.float32","0.001","500","10000","806289670","0.80628967","ElasticNetSAE","elastic_net_sweep005","50000","0","0","10000","","5.8632917404174805","1.987667679786682","0.33900201320648193","4.848562240600586","0.02341766282916069","80","0.8","1.3671875","0.3319823145866394","0.2202027440071106","0.19211004674434665","0.2149806022644043","0.2542051672935486","0.027192406356334686","0.3319823145866394","0.05071237683296203","0","1024","1024","0.0995606780052185","14.721786499023438","0.7069602012634277","0.6224615573883057","12.077459335327148","20.359375","0.7683013677597046","0.1564124971628189","0.0775858461856842","0.002196052111685276","0.0766305923461914","0.1564124971628189","0.147860586643219","0.2202027440071106","40314483500000","40.3144835","[32,403,639,594,524]","[0.28174886107444763,0.25953033566474915,0.25376689434051514,0.24651548266410828,0.24550727009773257]","50000","0.6916625925571972","0.5286582360767518","0.6176132001884855","0.7858886716831326","145.79054260253906","",""
"spiked-rho0.00-elastic_net_sweep004-seed0","finished","-","","model=elastic_net_sweep004, regularization-sweep, rho=0.00, seed=0, spiked, topk-sweep","2026-07-24T20:32:11.000Z","187","","256","cuda","2.587843179702759","2.3587522506713867","0.14902976155281067","0.6171740293502808","0.0326528325676918","0.881973385810852","1.372418761253357","3.2950780391693115","0.28855496644973755","0.049951232969760895","0","torch.float32","0.001","500","10000","806289670","0.80628967","ElasticNetSAE","elastic_net_sweep004","50000","0","0","10000","","6.495866775512695","2.16947078704834","0.3339771032333374","5.212923049926758","0.026907339692115784","69.23076923076923","0.6923076923076923","1.3671875","0.32758042216300964","0.21769922971725464","0.19117020070552823","0.21346989274024963","0.24847933650016785","0.02435707300901413","0.32758042216300964","0.05062849819660187","0","1024","1024","0.09920382499694824","14.925689697265623","0.6727993488311768","0.5717588663101196","13.47807502746582","21.98828125","0.6667319536209106","0.16827240586280823","0.07232311367988586","0.009292417205870152","0.08665686845779419","0.16827240586280823","0.18547356128692627","0.21769922971725464","40314483500000","40.3144835","[965,751,486,815,509]","[0.30567121505737305,0.30103427171707153,0.2897639274597168,0.2865751385688782,0.285894513130188]","50000","0.6570689210299823","0.4892802449480429","0.5675963758096293","0.7800292966845631","181.20767211914065","",""
"spiked-rho0.00-elastic_net_sweep003-seed0","finished","-","","model=elastic_net_sweep003, regularization-sweep, rho=0.00, seed=0, spiked, topk-sweep","2026-07-24T20:28:55.000Z","195","","256","cuda","2.587843179702759","2.3587522506713867","0.14902976155281067","0.6171740293502808","0.0326528325676918","0.881973385810852","1.372418761253357","3.2950780391693115","0.28855496644973755","0.049951232969760895","0","torch.float32","0.001","500","10000","806289670","0.80628967","ElasticNetSAE","elastic_net_sweep003","50000","0","0","10000","","6.300355911254883","2.0224838256835938","0.3210110366344452","5.247211933135986","0.027182580903172493","75","0.75","0.78125","0.3053637146949768","0.2166789323091507","0.1910943388938904","0.21276721358299255","0.24701860547065735","0.021968908607959747","0.3053637146949768","0.05053237080574035","0","1024","1024","0.07476317882537842","13.024125099182127","0.6687734127044678","0.5419026613235474","13.052955627441406","24.3828125","0.5814986824989319","0.17483040690422058","0.0702035203576088","0.016096176579594612","0.08853071928024292","0.17483040690422058","0.17433875799179077","0.2166789323091507","40314483500000","40.3144835","[727,432,702,994,302]","[0.2970650792121887,0.29570093750953674,0.28989753127098083,0.2875290513038635,0.28676363825798035]","50000","0.6531239168538068","0.484918126905355","0.5408522908457462","0.8242187497987746","170.85198974609375","",""
"spiked-rho0.00-elastic_net_sweep002-seed0","finished","-","","model=elastic_net_sweep002, regularization-sweep, rho=0.00, seed=0, spiked, topk-sweep","2026-07-24T20:25:41.000Z","193","","256","cuda","2.587843179702759","2.3587522506713867","0.14902976155281067","0.6171740293502808","0.0326528325676918","0.881973385810852","1.372418761253357","3.2950780391693115","0.28855496644973755","0.049951232969760895","0","torch.float32","0.001","500","10000","806289670","0.80628967","ElasticNetSAE","elastic_net_sweep002","50000","0","0","10000","","1.2412303686141968","1.117070198059082","0.8999700546264648","8.186325073242188","0.0657743588089943","63.63636363636363","0.6363636363636364","11.9140625","0.3281879425048828","0.23259970545768735","0.2064966857433319","0.22976791858673096","0.262491911649704","0.023056991398334503","0.3281879425048828","0.05433123931288719","0","1024","1024","0.7429320812225342","42.50310897827149","0.025818705558776855","0.14061562716960907","4.422573089599609","0.7421875","0.32926905155181885","0.26495057344436646","0.004614510573446751","0.00005588397834799253","0.26028019189834595","0.26495057344436646","0.019150538370013237","0.23259970545768735","40314483500000","40.3144835","[76,699,825,63,802]","[0.12997731566429138,0.08881676942110062,0.07926110923290253,0.07225891947746277,0.07211406528949738]","50000","0.05039655547021914","0.02584968884015086","0.5684210496398893","0.026367187493562694","19.53354835510254","",""
"spiked-rho0.00-elastic_net_sweep001-seed0","finished","-","","model=elastic_net_sweep001, regularization-sweep, rho=0.00, seed=0, spiked, topk-sweep","2026-07-24T20:21:59.000Z","218","","256","cuda","2.587843179702759","2.3587522506713867","0.14902976155281067","0.6171740293502808","0.0326528325676918","0.881973385810852","1.372418761253357","3.2950780391693115","0.28855496644973755","0.049951232969760895","0","torch.float32","0.001","500","10000","806289670","0.80628967","ElasticNetSAE","elastic_net_sweep001","50000","0","0","10000","","1.2181720733642578","1.0799440145492554","0.8865283131599426","8.222864151000977","0.06639333069324493","63.85542168674698","0.6385542168674698","11.5234375","0.310054749250412","0.23103295266628265","0.20462346076965332","0.22832070291042328","0.26014429330825806","0.022015314549207687","0.310054749250412","0.05430760234594345","0","1024","1024","0.7470729947090149","42.57464599609375","0.02319890260696411","0.1375124156475067","3.705094814300537","0.67578125","0.2955717444419861","0.2654474973678589","0.004066675901412964","0.00021948553330730647","0.26116132736206055","0.2654474973678589","0.013414672575891018","0.23103295266628265","40314483500000","40.3144835","[244,925,515,999,206]","[0.08381349593400955,0.06776349991559982,0.06021290272474289,0.057762511074543,0.05747847259044647]","50000","0.05106574558911288","0.026201923070624536","0.6300577998262555","0.026611328118503093","13.696380615234377","",""
"spiked-rho0.00-elastic_net_sweep000-seed0","finished","-","","model=elastic_net_sweep000, regularization-sweep, rho=0.00, seed=0, spiked, topk-sweep","2026-07-24T20:18:52.000Z","186","","256","cuda","2.587843179702759","2.3587522506713867","0.14902976155281067","0.6171740293502808","0.0326528325676918","0.881973385810852","1.372418761253357","3.2950780391693115","0.28855496644973755","0.049951232969760895","0","torch.float32","0.001","500","10000","806289670","0.80628967","ElasticNetSAE","elastic_net_sweep000","50000","0","0","10000","","1.359292984008789","1.1932787895202637","0.8778672218322754","8.255350112915039","0.0668737143278122","60.49382716049383","0.6049382716049383","10.64453125","0.30546918511390686","0.23110833764076233","0.20535153150558472","0.2292727828025818","0.2596485912799835","0.02143590897321701","0.30546918511390686","0.05423915013670921","0","1024","1024","0.7435888648033142","42.61071014404297","0.024419963359832764","0.13455666601657867","4.955358505249023","0.80078125","0.28115737438201904","0.26761481165885925","0.004209598992019892","0.0004078112542629242","0.2629973888397217","0.26761481165885925","0.023861374706029892","0.23110833764076233","40314483500000","40.3144835","[629,624,781,612,498]","[0.1096147447824478,0.08640464395284653,0.08598840981721878,0.08466261625289917,0.07818637788295746]","50000","0.05859093453275709","0.030179640711334214","0.6146341433432481","0.030761718742489813","24.314741134643555","",""
"spiked-rho0.00-vanilla_l1_sweep003-seed0","finished","-","","model=vanilla_l1_sweep003, regularization-sweep, rho=0.00, seed=0, spiked, topk-sweep","2026-07-24T20:16:25.000Z","146","","256","cuda","2.587843179702759","2.3587522506713867","0.14902976155281067","0.6171740293502808","0.0326528325676918","0.881973385810852","1.372418761253357","3.2950780391693115","0.28855496644973755","0.049951232969760895","0","torch.float32","0.001","500","10000","805765379","0.805765379","VanillaSAE","vanilla_l1_sweep003","50000","0","0","10000","","","","","6.993592739105225","0.048100557178258896","0","0","0","0.992845892906189","0.8106684684753418","0.23525825142860413","0.9629791975021362","0.9884076118469238","0.2982780635356903","0.992845892906189","0.041558414697647095","0","1024","1024","0.2011427879333496","20.663677215576172","0.9724873304367064","0.9208055138587952","30.518407821655273","325.31640625","0.21468988060951233","0.04238452762365341","0.03498277813196182","","0.007401750423014164","0.04238452762365341","1","0.8106684684753418","40288268950000","40.28826895","[755,874,250,24,86]","[1.0000030994415283,1.0000016689300537,1.0000016689300537,1.0000015497207642,1.0000014305114746]","50000","0.08940558947832995","0.04679469516302914","0.04690145411261991","0.9536132810171842","667","",""
"spiked-rho0.00-vanilla_l1_sweep002-seed0","finished","-","","model=vanilla_l1_sweep002, regularization-sweep, rho=0.00, seed=0, spiked, topk-sweep","2026-07-24T20:13:35.000Z","169","","256","cuda","2.587843179702759","2.3587522506713867","0.14902976155281067","0.6171740293502808","0.0326528325676918","0.881973385810852","1.372418761253357","3.2950780391693115","0.28855496644973755","0.049951232969760895","0","torch.float32","0.001","500","10000","805765379","0.805765379","VanillaSAE","vanilla_l1_sweep002","50000","0","0","10000","","12.206719398498535","2.5543317794799805","0.20925620198249817","3.679573774337769","0.013463979586958883","0","0","0","0.4129643440246582","0.21586184203624725","0.1903967708349228","0.2114829123020172","0.2434948831796646","0.02568035013973713","0.4129643440246582","0.049334652721881866","0","1024","1024","0.005283474922180176","3.4987730979919434","0.8842062950134277","0.8887603282928467","17.01253318786621","51.30859375","0.5455693006515503","0.05914583057165146","0.027875306084752083","","0.031270526349544525","0.05914583057165146","0.30861061811447144","0.21586184203624725","40288268950000","40.28826895","[762,333,186,131,756]","[0.5271100997924805,0.4340032935142517,0.4245719909667969,0.42132705450057983,0.4180363714694977]","50000","0.45142157600374566","0.2915073832327781","0.2961017207022916","0.9494628903931974","291.32843017578125","",""
"spiked-rho0.00-vanilla_l1_sweep001-seed0","finished","-","","model=vanilla_l1_sweep001, regularization-sweep, rho=0.00, seed=0, spiked, topk-sweep","2026-07-24T20:10:52.000Z","160","","256","cuda","2.587843179702759","2.3587522506713867","0.14902976155281067","0.6171740293502808","0.0326528325676918","0.881973385810852","1.372418761253357","3.2950780391693115","0.28855496644973755","0.049951232969760895","0","torch.float32","0.001","500","10000","805765379","0.805765379","VanillaSAE","vanilla_l1_sweep001","50000","0","0","10000","","4.986731052398682","2.033292293548584","0.4077405035495758","4.848099231719971","0.023405922576785088","80","0.8","1.66015625","0.35065653920173645","0.22007590532302856","0.1899539828300476","0.21443501114845276","0.26124289631843567","0.02838538214564323","0.35065653920173645","0.0507763996720314","0","1024","1024","0.09717625379562378","14.810894012451172","0.72320955991745","0.6504995226860046","11.952754020690918","21.32421875","0.7934808731079102","0.1594223827123642","0.08388210088014603","","0.07554028183221817","0.1594223827123642","0.14446744322776794","0.22007590532302856","40288268950000","40.28826895","[106,480,181,184,834]","[0.2513963282108307,0.24265924096107483,0.23947766423225403,0.2316446453332901,0.2283859550952911]","50000","0.6777598449358825","0.5125850877770167","0.593148928266505","0.790527343557","142.58935546875","",""
"spiked-rho0.00-vanilla_l1_sweep000-seed0","finished","-","","model=vanilla_l1_sweep000, regularization-sweep, rho=0.00, seed=0, spiked, topk-sweep","2026-07-24T20:08:22.000Z","149","","256","cuda","2.587843179702759","2.3587522506713867","0.14902976155281067","0.6171740293502808","0.0326528325676918","0.881973385810852","1.372418761253357","3.2950780391693115","0.28855496644973755","0.049951232969760895","0","torch.float32","0.001","500","10000","805765379","0.805765379","VanillaSAE","vanilla_l1_sweep000","50000","0","0","10000","","1.2469295263290403","1.1108500957489014","0.8908684253692627","8.208789825439453","0.06611774861812592","46.25","0.4625","13.8671875","0.31690967082977295","0.2300231158733368","0.2053742557764053","0.22719630599021912","0.26120248436927795","0.021862981840968132","0.31690967082977295","0.05437842756509781","0","1024","1024","0.7491794526576996","43.141056060791016","0.016294538974761963","0.1319705843925476","3.952056169509888","0.5","0.24081407487392423","0.26297107338905334","0.002965817926451564","","0.26000526547431946","0.26297107338905334","0.015299852937459946","0.2300231158733368","40288268950000","40.28826895","[943,441,713,610,58]","[0.0915084183216095,0.0852651298046112,0.07760803401470184,0.0670541524887085,0.060261137783527374]","50000","0.035037820001873714","0.01783132529690811","0.5781249954833985","0.018066406245589257","15.621150016784668","",""